molecule_chembl_id,canonical_smiles,standard_type,standard_value,pchembl_value,standard_units,target,target_name
CHEMBL132802,COc1ccc2cccc3c2c1C(CNC(C)=O)CC3,Ki,0.01,11.0,nM,M4,Muscarinic M4
CHEMBL330137,C=CCC(=O)NCCc1c(-c2ccccc2)oc2ccc(OC)cc12,Ki,0.01,11.0,nM,M4,Muscarinic M4
CHEMBL287560,COc1ccc2oc(-c3ccccc3)c(CCNC(C)=O)c2c1,Ki,0.01,11.0,nM,M4,Muscarinic M4
CHEMBL1774529,CC(=O)NCCC1=C(c2cccc(C(C)C)c2)Cc2ccc3c(c21)CCO3,Ki,0.011,10.96,nM,M4,Muscarinic M4
CHEMBL336054,CCC(=O)NCC1CCc2c(OC)ccc3ccc(OC)c1c23,Ki,0.012,10.92,nM,M4,Muscarinic M4
CHEMBL139855,COc1c[nH]c2nc(-c3ccccc3)c(CCNC(C)=O)c-2c1,IC50,0.01259,10.9,nM,M4,Muscarinic M4
CHEMBL1774514,CCC(=O)NCCC1=C(C(C)C)Cc2ccc3c(c21)CCO3,Ki,0.013,10.89,nM,M4,Muscarinic M4
CHEMBL289233,COc1ccc2[nH]c(I)c(CCNC(C)=O)c2c1,Ki,0.013,10.89,nM,M4,Muscarinic M4
CHEMBL1218,CCC(=O)NCC[C@@H]1CCc2ccc3c(c21)CCO3,Ki,0.0138,10.86,nM,M4,Muscarinic M4
CHEMBL336509,COc1ccc2ccc(OC)c3c2c1CCC3CNC(C)=O,Ki,0.015,10.82,nM,M4,Muscarinic M4
CHEMBL329263,COc1ccc2oc(Cc3ccccc3)c(CCNC(C)=O)c2c1,IC50,0.01585,10.8,nM,M4,Muscarinic M4
CHEMBL340832,CCCC(=O)NCC1CCc2c(OC)ccc3ccc(OC)c1c23,Ki,0.016,10.8,nM,M4,Muscarinic M4
CHEMBL314512,C=CC(=O)NCCc1c(-c2ccccc2)oc2ccc(OC)cc12,Ki,0.02,10.7,nM,M4,Muscarinic M4
CHEMBL3648361,CC(=O)NCCC1CCc2ccc3nc(CCCCc4ccccc4)oc3c21,IC50,0.022,10.66,nM,M4,Muscarinic M4
CHEMBL15060,COc1ccc2[nH]c(-c3ccccc3)c(CCNC(C)=O)c2c1,Ki,0.02188,10.66,nM,M4,Muscarinic M4
CHEMBL1774513,CC(=O)NCCC1=C(C(C)C)Cc2ccc3c(c21)CCO3,Ki,0.024,10.62,nM,M4,Muscarinic M4
CHEMBL1802028,CCC(=O)NCCc1c(C2CC2)nn2ccc3c(c12)CCO3,Ki,0.026,10.59,nM,M4,Muscarinic M4
CHEMBL133416,COc1ccc2ccc(OC)c3c2c1CCC3CNC(=O)C1CC1,Ki,0.026,10.59,nM,M4,Muscarinic M4
CHEMBL4868554,CCC(=O)NCCC1CCc2ccc3nc(C)sc3c21,Ki,0.027,10.57,nM,M4,Muscarinic M4
CHEMBL130214,CCCC(=O)NCC1Cc2cccc3ccc(OC)c1c23,Ki,0.03,10.52,nM,M4,Muscarinic M4
CHEMBL14417,CC(=O)NCCc1cccc2ccc(OCCCCCCCCCCOc3ccc4cccc(CCNC(C)=O)c4c3)cc12,Ki,0.03,10.52,nM,M4,Muscarinic M4
CHEMBL3612603,CCC(=O)NCC1CCc2c(OC)cccc2N1C,Ki,0.03,10.52,nM,M4,Muscarinic M4
CHEMBL2314259,COc1ccc2ccc(OC)c(/C=C/NC(C)=O)c2c1,Ki,0.03,10.52,nM,M4,Muscarinic M4
CHEMBL3648359,CCC(=O)NCC[C@@H]1CCc2ccc3nc(C)oc3c21,IC50,0.03,10.52,nM,M4,Muscarinic M4
CHEMBL3648356,CC(=O)NCC[C@@H]1CCc2ccc3nc(C)oc3c21,Ki,0.031,10.51,nM,M4,Muscarinic M4
CHEMBL1774516,CC(C)C1=C(CCNC(=O)C(F)(F)F)c2c(ccc3c2CCO3)C1,Ki,0.032,10.49,nM,M4,Muscarinic M4
CHEMBL394273,COc1cccc(N(CCNC(C)=O)c2cccc(OC)c2)c1,Ki,0.036,10.44,nM,M4,Muscarinic M4
CHEMBL3648362,CC(=O)NCCC1CCc2ccc3nc(C)sc3c21,Ki,0.037,10.43,nM,M4,Muscarinic M4
CHEMBL3648363,CC(=O)NCC[C@@H]1CCc2ccc3nc(C)sc3c21,IC50,0.038,10.42,nM,M4,Muscarinic M4
CHEMBL1802026,CCC(=O)NCCc1c(CC)nn2ccc3c(c12)CCO3,Ki,0.039,10.41,nM,M4,Muscarinic M4
CHEMBL1823015,COc1ccc2[nH]c(-c3ccccc3)c(CCNC(C)=O)c2n1,Ki,0.04,10.4,nM,M4,Muscarinic M4
CHEMBL2314255,COc1ccc2cccc(/C=C/NC(C)=O)c2c1,Ki,0.04,10.4,nM,M4,Muscarinic M4
CHEMBL94838,CNC(=O)NCCc1c(-c2ccccc2)oc2ccc(OC)cc12,Ki,0.04,10.4,nM,M4,Muscarinic M4
CHEMBL3765540,COc1ccc2oc(-c3ccccc3)c(CCNC(C)=O)c2n1,Ki,0.04,10.4,nM,M4,Muscarinic M4
CHEMBL1802027,CC(=O)NCCc1c(C2CC2)nn2ccc3c(c12)CCO3,Ki,0.044,10.36,nM,M4,Muscarinic M4
CHEMBL1774512,CC(=O)NCCC1=CCc2ccc3c(c21)CCO3,Ki,0.045,10.35,nM,M4,Muscarinic M4
CHEMBL273787,CC(=O)NCCc1cccc2ccc(OCCCCCOc3ccc4cccc(CCNC(C)=O)c4c3)cc12,Ki,0.05,10.3,nM,M4,Muscarinic M4
CHEMBL2112734,O=C(NC[C@@H]1C[C@H]1c1cccc2nc(CCCCc3ccccc3)oc12)C1CC1,Ki,0.05,10.3,nM,M4,Muscarinic M4
CHEMBL2112727,CCC(=O)NC[C@@H]1C[C@H]1c1cccc2nc(CC)oc12,Ki,0.05,10.3,nM,M4,Muscarinic M4
CHEMBL2112690,CCC(=O)NC[C@@H]1C[C@H]1c1cccc2nc(CCCCc3ccccc3)oc12,Ki,0.05,10.3,nM,M4,Muscarinic M4
CHEMBL2112700,CC(=O)NC[C@@H]1C[C@H]1c1cccc2nc(CCCCc3ccccc3)oc12,Ki,0.05,10.3,nM,M4,Muscarinic M4
CHEMBL2112722,CCCC(=O)NC[C@@H]1C[C@H]1c1cccc2nc(CC)oc12,Ki,0.05,10.3,nM,M4,Muscarinic M4
CHEMBL19026,CCCC(=O)NC[C@@H]1C[C@H]1c1cccc2c1OC(CCCCc1ccccc1)N2,Ki,0.05,10.3,nM,M4,Muscarinic M4
CHEMBL2112724,CCc1nc2cccc([C@@H]3C[C@H]3CNC(=O)C3CC3)c2o1,Ki,0.05,10.3,nM,M4,Muscarinic M4
CHEMBL8168,COc1cccc(N(C)c2ccc(NC(C)=O)cc2)c1,Ki,0.05,10.3,nM,M4,Muscarinic M4
CHEMBL14136,CC(=O)NCCc1cccc2ccc(OCCCCCCCCOc3ccc4cccc(CCNC(C)=O)c4c3)cc12,Ki,0.05,10.3,nM,M4,Muscarinic M4
CHEMBL1946221,COc1ccc2cccc(CCNC(=O)C(F)F)c2c1,Ki,0.0537,10.27,nM,M4,Muscarinic M4
CHEMBL1774526,COc1cccc(C2=C(CCNC(C)=O)c3c(ccc4c3CCO4)C2)c1,Ki,0.057,10.24,nM,M4,Muscarinic M4
CHEMBL129890,CCCC(=O)NCCC1CCc2c(OC)ccc3ccc(OC)c1c23,Ki,0.057,10.24,nM,M4,Muscarinic M4
CHEMBL10878,COc1ccc2cccc(CCNC(C)=O)c2c1,Ki,0.06,10.22,nM,M4,Muscarinic M4
CHEMBL2314253,COc1ccc2ccc(OC)c([C@@H]3C[C@H]3NC(C)=O)c2c1,Ki,0.06,10.22,nM,M4,Muscarinic M4
CHEMBL1802025,CCc1nn2ccc3c(c2c1CCNC(C)=O)CCO3,Ki,0.062,10.21,nM,M4,Muscarinic M4
CHEMBL3648350,CC(=O)NCCC1=CCc2ccc3nc(C)oc3c21,IC50,0.068,10.17,nM,M4,Muscarinic M4
CHEMBL3648358,CCC(=O)NCCC1CCc2ccc3nc(C)oc3c21,Ki,0.067,10.17,nM,M4,Muscarinic M4
CHEMBL3648355,CC(=O)NCCC1CCc2ccc3nc(C)oc3c21,Ki,0.067,10.17,nM,M4,Muscarinic M4
CHEMBL1774524,CC(=O)NCCC1=C(c2cccnc2)Cc2ccc3c(c21)CCO3,Ki,0.069,10.16,nM,M4,Muscarinic M4
CHEMBL337024,CCC(=O)NCCC1CCc2c(OC)ccc3ccc(OC)c1c23,Ki,0.07,10.15,nM,M4,Muscarinic M4
CHEMBL1095196,COC(=O)Cc1cccc2ccc(OCCCCOc3ccc4cccc(CCNC(C)=O)c4c3)cc12,Ki,0.07,10.15,nM,M4,Muscarinic M4
CHEMBL4114715,CC(=O)NC/C=C1\CCc2ccc3nc(CCCCc4ccccc4)oc3c21,IC50,0.079,10.1,nM,M4,Muscarinic M4
CHEMBL4079759,COc1cc2c([C@@H](C)CNC(C)=O)c[nH]c2cc1Cl,Ki,0.07943,10.1,nM,M4,Muscarinic M4
CHEMBL45,COc1ccc2[nH]cc(CCNC(C)=O)c2c1,Ki,0.08,10.1,nM,M4,Muscarinic M4
CHEMBL13985,CC(=O)NCCc1cccc2ccc(OCCCCCCOc3ccc4cccc(CCNC(C)=O)c4c3)cc12,Ki,0.08,10.1,nM,M4,Muscarinic M4
CHEMBL300056,COc1ccc2c(c1)c(CCNC(C)=O)c(I)n2C,Ki,0.08,10.1,nM,M4,Muscarinic M4
CHEMBL1802022,CC(=O)NCCc1c(-c2ccccc2)nn2ccc3c(c12)CCO3,Ki,0.082,10.09,nM,M4,Muscarinic M4
CHEMBL1802024,CCC(=O)NCCc1c(C)nn2ccc3c(c12)CCO3,Ki,0.083,10.08,nM,M4,Muscarinic M4
CHEMBL1094212,CC(=O)NCCc1cccc2ccc(OCCCCOc3ccc(-c4ccc(CO)cc4)cc3)cc12,Ki,0.09,10.05,nM,M4,Muscarinic M4
CHEMBL3648369,Cc1nc2ccc3c(c2o1)C(CCNC(=O)C(F)(F)F)CC3,IC50,0.095,10.02,nM,M4,Muscarinic M4
CHEMBL2314257,COc1ccc2ccccc2c1/C=C/NC(C)=O,Ki,0.1,10.0,nM,M4,Muscarinic M4
CHEMBL4278248,COc1ccc2ccc3c(c2c1)C(C)(CNC(C)=O)CC3,Ki,0.1,10.0,nM,M4,Muscarinic M4
CHEMBL291857,CCC(=O)NCCc1c(OC)ccc2ccc(OC)cc12,Ki,0.099,10.0,nM,M4,Muscarinic M4
CHEMBL130542,CCC(=O)NCC1Cc2cccc3ccc(OC)c1c23,Ki,0.1,10.0,nM,M4,Muscarinic M4
CHEMBL132340,COc1ccc2cccc3c2c1C(CCNC(C)=O)CC3,Ki,0.1,10.0,nM,M4,Muscarinic M4
CHEMBL1774515,CC(C)C1=C(CCNC(=O)C2CC2)c2c(ccc3c2CCO3)C1,Ki,0.11,9.96,nM,M4,Muscarinic M4
CHEMBL131424,CCCC(=O)NCC1CCc2c(OC)ccc3cccc1c23,Ki,0.11,9.96,nM,M4,Muscarinic M4
CHEMBL130490,COc1ccc2cccc3c2c1C(CNC(C)=O)C3,Ki,0.12,9.92,nM,M4,Muscarinic M4
CHEMBL18845,CC(C)C(=O)NC[C@@H]1C[C@H]1c1cccc2c1OC(CCCCc1ccccc1)N2,Ki,0.13,9.89,nM,M4,Muscarinic M4
CHEMBL136531,CCCC(=O)N[C@H]1CCN(c2cccc3c2CCO3)C1,Ki,0.14,9.85,nM,M4,Muscarinic M4
CHEMBL323332,COc1ccc2occ(CCNC(C)=O)c2c1,Ki,0.15,9.82,nM,M4,Muscarinic M4
CHEMBL4467954,CC(=O)NCCc1c[nH]c2ccc(OCCc3ccccc3)cc12,Ki,0.15,9.82,nM,M4,Muscarinic M4
CHEMBL11356,CC(=O)NCCc1cccc2ccc3c(c12)C=CCO3,IC50,0.1585,9.8,nM,M4,Muscarinic M4
CHEMBL1802023,CC(=O)NCCc1c(C)nn2ccc3c(c12)CCO3,Ki,0.16,9.8,nM,M4,Muscarinic M4
CHEMBL4128926,CC(C)(C)NS(=O)(=O)c1ccc(-c2sc(C(=O)N[C@H]3C[C@H](C(=O)O)C3)nc2CC2CCCCC2)c2ccccc12,IC50,0.17,9.77,nM,M4,Muscarinic M4
CHEMBL4874630,CCC(=O)NCCC1CCc2ccn3nc(C)cc3c21,Ki,0.17,9.77,nM,M4,Muscarinic M4
CHEMBL5417297,COc1ccc2[nH]c(-c3cccnc3)c(CCNC(C)=O)c2c1,Ki,0.1698,9.77,nM,M4,Muscarinic M4
CHEMBL3260982,CCOC(=O)c1[nH]c2ccc(OC)c3c2c1[C@@H](CNC(C)=O)CC3,Ki,0.18,9.74,nM,M4,Muscarinic M4
CHEMBL279343,CCCC1Nc2cccc([C@@H]3C[C@H]3CNC(=O)C3CC3)c2O1,Ki,0.18,9.74,nM,M4,Muscarinic M4
CHEMBL343825,CCC(=O)N[C@H]1CCN(c2cccc3c2CCO3)C1,Ki,0.18,9.74,nM,M4,Muscarinic M4
CHEMBL129889,CCC(=O)NCC1CCc2c(OC)ccc3cccc1c23,Ki,0.19,9.72,nM,M4,Muscarinic M4
CHEMBL4115681,CC(=O)NC/C=C1\CCc2ccc3nc(C)sc3c21,IC50,0.19,9.72,nM,M4,Muscarinic M4
CHEMBL1760944,COc1ccc2[nH]cc(CCNC(C)=O)c2n1,Ki,0.2,9.7,nM,M4,Muscarinic M4
CHEMBL4874010,CC(=O)NCCC1CCc2ccn3nc(C)cc3c21,Ki,0.2,9.7,nM,M4,Muscarinic M4
CHEMBL431103,CCC1Nc2cccc([C@@H]3C[C@H]3CNC(=O)C(C)C)c2O1,Ki,0.2,9.7,nM,M4,Muscarinic M4
CHEMBL2314260,CNC(=O)N/C=C/c1c(OC)ccc2ccc(OC)cc12,Ki,0.2,9.7,nM,M4,Muscarinic M4
CHEMBL3763503,COc1ccc2oc(-c3ccc(F)cc3)c(CCNC(C)=O)c2n1,Ki,0.2,9.7,nM,M4,Muscarinic M4
CHEMBL3765401,COc1ccc2oc(I)c(CCNC(C)=O)c2n1,Ki,0.2,9.7,nM,M4,Muscarinic M4
CHEMBL130898,COc1ccc2ccc(OC)c3c2c1CCC3CCNC(C)=O,Ki,0.2,9.7,nM,M4,Muscarinic M4
CHEMBL3648365,CCc1nc2ccc3c(c2o1)C(CCNC(C)=O)CC3,Ki,0.22,9.66,nM,M4,Muscarinic M4
CHEMBL276921,CCCC1Nc2cccc([C@@H]3C[C@H]3CNC(=O)CC)c2O1,Ki,0.22,9.66,nM,M4,Muscarinic M4
CHEMBL336858,CCC(=O)NCCC1Cc2cccc3ccc(OC)c1c23,Ki,0.22,9.66,nM,M4,Muscarinic M4
CHEMBL274358,CC(=O)NCCc1cccc2ccc3c(c12)CCCO3,IC50,0.2512,9.6,nM,M4,Muscarinic M4
CHEMBL3648368,Cc1nc2ccc3c(c2o1)C(CCNC(=O)C1CC1)CC3,IC50,0.25,9.6,nM,M4,Muscarinic M4
CHEMBL4114700,CCC(=O)NC/C=C1\CCc2ccc3nc(C)oc3c21,IC50,0.25,9.6,nM,M4,Muscarinic M4
CHEMBL1095831,CC(=O)NCCc1cccc2ccc(OCCCCOc3ccc4c(c3)C(CCNC(C)=O)CCC4)cc12,Ki,0.26,9.59,nM,M4,Muscarinic M4
CHEMBL2314251,COc1ccc2cccc([C@@H]3C[C@H]3NC(C)=O)c2c1,Ki,0.3,9.52,nM,M4,Muscarinic M4
CHEMBL52755,COc1cc2c(CCNC(C)=O)c(I)[nH]c2cc1[N+](=O)[O-],Ki,0.3,9.52,nM,M4,Muscarinic M4
CHEMBL4293386,COc1ccc2ccc3c(c2c1)C(CNC(C)=O)CC3,Ki,0.3,9.52,nM,M4,Muscarinic M4
CHEMBL4278575,COc1ccc2ccc3c(c2c1)C(CNC(N)=O)CC3,Ki,0.3,9.52,nM,M4,Muscarinic M4
CHEMBL4102177,COc1ccc2cccc(CCNC(C)=O)c2n1,Ki,0.3,9.52,nM,M4,Muscarinic M4
CHEMBL4869029,CCC(=O)NCCC1CCc2ccc3nn(C)cc3c21,Ki,0.3,9.52,nM,M4,Muscarinic M4
CHEMBL1802030,CCC(=O)NCCc1c(C(F)(F)F)nn2ccc3c(c12)CCO3,Ki,0.31,9.51,nM,M4,Muscarinic M4
CHEMBL337764,COc1ccc2cc(C(=O)c3ccccc3)cc(CCNC(C)=O)c2c1,IC50,0.3162,9.5,nM,M4,Muscarinic M4
CHEMBL4114658,CC(=O)NC/C=C1\CCc2ccc3nc(C)oc3c21,IC50,0.33,9.48,nM,M4,Muscarinic M4
CHEMBL4852440,CCOc1nc2ccc3c(c2n1CCNC(C)=O)CCO3,Ki,0.34,9.47,nM,M4,Muscarinic M4
CHEMBL4872592,CC(=O)NCCC1CCc2ccc3nn(C)cc3c21,Ki,0.35,9.46,nM,M4,Muscarinic M4
CHEMBL18960,CCC1Nc2cccc([C@@H]3C[C@H]3CNC(C)=O)c2O1,Ki,0.35,9.46,nM,M4,Muscarinic M4
CHEMBL1095197,COC(=O)C(C)c1ccc2cc(OCCCCOc3ccc4cccc(CCNC(C)=O)c4c3)ccc2c1,Ki,0.37,9.43,nM,M4,Muscarinic M4
CHEMBL434226,CCCC(=O)NCCC1Cc2cccc3ccc(OC)c1c23,Ki,0.37,9.43,nM,M4,Muscarinic M4
CHEMBL4874954,CCCC(=O)NCCn1c(OCC)nc2ccc(OC)cc21,Ki,0.39,9.41,nM,M4,Muscarinic M4
CHEMBL80736,CCOc1ccc2ccc(OC)cc2c1CCNC(=O)CC,Ki,0.39,9.41,nM,M4,Muscarinic M4
CHEMBL3648366,CC(=O)NCCC1CCc2ccc3nc(C4CC4)oc3c21,Ki,0.39,9.41,nM,M4,Muscarinic M4
CHEMBL4279639,CNC(=O)NCC1CCc2ccc3ccc(OC)cc3c21,Ki,0.4,9.4,nM,M4,Muscarinic M4
CHEMBL4281712,COc1ccc2ccc3c(c2n1)C(CNC(C)=O)CC3,Ki,0.4,9.4,nM,M4,Muscarinic M4
CHEMBL130203,COc1ccc2cccc3c2c1C(CCNC(C)=O)C3,Ki,0.41,9.39,nM,M4,Muscarinic M4
CHEMBL4859677,CCOc1nc2ccc(OC)cc2n1CCNC(C)=O,Ki,0.42,9.38,nM,M4,Muscarinic M4
CHEMBL3648367,COc1nc2ccc3c(c2o1)C(CCNC(C)=O)CC3,Ki,0.45,9.35,nM,M4,Muscarinic M4
CHEMBL3648354,CC(=O)NCCC1CCc2ccc3ncoc3c21,Ki,0.45,9.35,nM,M4,Muscarinic M4
CHEMBL1802029,CC(=O)NCCc1c(C(F)(F)F)nn2ccc3c(c12)CCO3,Ki,0.48,9.32,nM,M4,Muscarinic M4
CHEMBL429392,CC(=O)NCCc1cccc2ccc(OCCCOc3ccc4cccc(CCNC(C)=O)c4c3)cc12,Ki,0.5,9.3,nM,M4,Muscarinic M4
CHEMBL1094546,CC(=O)NCCc1cccc2ccc(OCCCCOc3ccc(-c4ccc(C(=O)O)cc4)cc3)cc12,Ki,0.55,9.26,nM,M4,Muscarinic M4
CHEMBL4288497,COc1ccc2ccc3c(c2c1)C(C)(CNS(C)(=O)=O)CC3,Ki,0.6,9.22,nM,M4,Muscarinic M4
CHEMBL18846,CC(C)C1Nc2cccc([C@@H]3C[C@H]3CNC(=O)C3CC3)c2O1,Ki,0.6,9.22,nM,M4,Muscarinic M4
CHEMBL4084612,CNC(=O)NCCc1cccc2ccc(OC)nc12,Ki,0.6,9.22,nM,M4,Muscarinic M4
CHEMBL4292336,COCC(=O)NCC1CCc2ccc3ccc(OC)cc3c21,Ki,0.6,9.22,nM,M4,Muscarinic M4
CHEMBL14453,CC(=O)NCCc1cccc2ccc(OCCCCOc3ccc4cccc(CCNC(C)=O)c4c3)cc12,Ki,0.6,9.22,nM,M4,Muscarinic M4
CHEMBL4873903,COc1nc2ccc3c(c2n1CCNC(C)=O)CCO3,Ki,0.61,9.21,nM,M4,Muscarinic M4
CHEMBL334079,O=C(NCCCc1cccc2nc(CCCCc3ccccc3)oc12)C1CC1,Ki,0.63,9.2,nM,M4,Muscarinic M4
CHEMBL1096991,CC(=O)NCCc1cccc2ccc(OCCCCOc3ccc4cccc(CCNC(=O)c5ccco5)c4c3)cc12,Ki,0.64,9.19,nM,M4,Muscarinic M4
CHEMBL136564,CCNC(=O)N[C@@H]1CCN(c2cccc3c2CCO3)C1,Ki,0.65,9.19,nM,M4,Muscarinic M4
CHEMBL131575,COc1ccc2ccc(OC)c3c2c1CCC3CCNC(=O)C1CC1,Ki,0.66,9.18,nM,M4,Muscarinic M4
CHEMBL127570,Cc1nc2cccc(CCCNC(=O)C3CC3)c2o1,Ki,0.7,9.15,nM,M4,Muscarinic M4
CHEMBL3612604,CCC(=O)NCC1CCc2ccccc2N1C,Ki,0.7,9.15,nM,M4,Muscarinic M4
CHEMBL4869463,CCOc1nc2ccc(OC)cc2n1CCNC(=O)C1CC1,Ki,0.71,9.15,nM,M4,Muscarinic M4
CHEMBL1223130,COc1cccc(O[C@@H](C)CNC(=O)C2CC2)c1,Ki,0.7244,9.14,nM,M4,Muscarinic M4
CHEMBL330969,CCC(=O)NCCCc1cccc2nc(CCCCc3ccccc3)oc12,Ki,0.76,9.12,nM,M4,Muscarinic M4
CHEMBL95166,COc1ccc2oc(Cc3cccc(F)c3)c(CCNC(C)=O)c2c1,Ki,0.75,9.12,nM,M4,Muscarinic M4
CHEMBL4210086,CC(=O)NCCc1c(Br)[nH]c2ccc(OCCCCCCNC(=O)Oc3cccc(-c4ccccc4)c3)cc12,Ki,0.7762,9.11,nM,M4,Muscarinic M4
CHEMBL1095195,C=CCC(=O)NCCc1cccc2ccc(OCCCCOc3ccc4cccc(CCNC(C)=O)c4c3)cc12,Ki,0.79,9.1,nM,M4,Muscarinic M4
CHEMBL4286896,CCNC(=O)NCC1(C)CCc2ccc3ccc(OC)cc3c21,Ki,0.8,9.1,nM,M4,Muscarinic M4
CHEMBL336647,COc1ccc2cccc3c2c1CCC3CNC(C)=O,Ki,0.8,9.1,nM,M4,Muscarinic M4
CHEMBL4062947,CCNC(=O)NCCc1cccc2ccc(OC)nc12,Ki,0.8,9.1,nM,M4,Muscarinic M4
CHEMBL4280601,COc1ccc2ccc3c(c2c1)C(CNS(C)(=O)=O)CC3,Ki,0.8,9.1,nM,M4,Muscarinic M4
CHEMBL322762,COc1ccc2[nH]cc(CCNC(=O)C(F)(F)F)c2c1,IC50,0.7943,9.1,nM,M4,Muscarinic M4
CHEMBL137998,CCOc1ccc2cccc(CCNC(C)=O)c2c1,IC50,0.7943,9.1,nM,M4,Muscarinic M4
CHEMBL337882,CCCC(=O)NCC1Cc2cccc3cccc1c23,Ki,0.79,9.1,nM,M4,Muscarinic M4
CHEMBL137878,CCOc1ccc2cccc(CCNC(=O)CC)c2c1,IC50,0.7943,9.1,nM,M4,Muscarinic M4
CHEMBL237236,COc1cccc(N(C)CCNC(C)=O)c1,Ki,0.8128,9.09,nM,M4,Muscarinic M4
CHEMBL235329,COc1cccc(N(C)CCCNC(C)=O)c1,Ki,0.8318,9.08,nM,M4,Muscarinic M4
CHEMBL3103594,CC(=O)NCCc1c(-c2cccc(O)c2)oc2ccc3c(c12)CCCO3,Ki,0.87,9.06,nM,M4,Muscarinic M4
CHEMBL4852096,CCOc1nc2cc(Cl)c(OC)cc2n1CCNC(C)=O,Ki,0.88,9.06,nM,M4,Muscarinic M4
CHEMBL456727,CSc1ccc2cccc(CCNC(C)=O)c2c1,IC50,0.875,9.06,nM,M4,Muscarinic M4
CHEMBL1774520,CC(=O)NCCC1=C(Cc2ccsc2)Cc2ccc3c(c21)CCO3,Ki,0.88,9.06,nM,M4,Muscarinic M4
CHEMBL5566857,COc1ccc2c(c1)c(C(C)CNC(C)=O)c1n2CCc2ccccc2-1,Ki,0.9,9.05,nM,M4,Muscarinic M4
CHEMBL124699,COc1cc2[nH]cc(CCNC(C)=O)c2cc1OC,Ki,0.9,9.05,nM,M4,Muscarinic M4
CHEMBL138012,CNC(=O)N[C@H]1CCN(c2cccc3c2CCO3)C1,Ki,0.9,9.05,nM,M4,Muscarinic M4
CHEMBL1097315,C=CCC(=O)NCCc1cccc2ccc(OCCCCOc3ccc4cccc(CCNC(=O)CC=C)c4c3)cc12,Ki,0.92,9.04,nM,M4,Muscarinic M4
CHEMBL19211,CCCC(=O)NC[C@@H]1C[C@H]1c1cccc2c1OC(CCC)N2,Ki,0.94,9.03,nM,M4,Muscarinic M4
CHEMBL1223128,COc1cccc(OC(C)CNC(=O)C2CC2)c1,Ki,0.9333,9.03,nM,M4,Muscarinic M4
CHEMBL19128,CCCC1Nc2cccc([C@@H]3C[C@H]3CNC(C)=O)c2O1,Ki,0.96,9.02,nM,M4,Muscarinic M4
CHEMBL130876,COc1ccc2cccc3c2c1CCC3CNC(=O)C1CC1,Ki,0.95,9.02,nM,M4,Muscarinic M4
CHEMBL5407163,COc1ccc2[nH]c(Sc3ccccc3)c(CCNC(C)=O)c2c1,Ki,0.9772,9.01,nM,M4,Muscarinic M4
CHEMBL7832,CCC(=O)Nc1ccc(N(C)c2cccc(OC)c2)cc1,Ki,1.0,9.0,nM,M4,Muscarinic M4
CHEMBL359921,CC(=O)NC[C@@H]1C[C@H]1c1cccc2c1C[C@@H](CCCCc1ccccc1)O2,Ki,1.0,9.0,nM,M4,Muscarinic M4
CHEMBL178678,CCC(=O)NCCCc1cccc2c1C[C@@H](CCCCc1ccccc1)O2,Ki,1.0,9.0,nM,M4,Muscarinic M4
CHEMBL4867553,COc1ccc2nc(SC)n(CCNC(C)=O)c2c1,Ki,1.0,9.0,nM,M4,Muscarinic M4
CHEMBL1097314,O=C(NCCc1cccc2ccc(OCCCCOc3ccc4cccc(CCNC(=O)C5CC5)c4c3)cc12)C1CC1,Ki,1.01,9.0,nM,M4,Muscarinic M4
CHEMBL138321,CC(=O)NCCc1coc2ccc3c(c12)CCCO3,IC50,1.0,9.0,nM,M4,Muscarinic M4
CHEMBL96104,C/C=C/C(=O)NCCc1c(-c2ccccc2)oc2ccc(OC)cc12,Ki,1.01,9.0,nM,M4,Muscarinic M4
CHEMBL4283539,CNC(=O)NCC1CCc2ccc3ccc(OC)nc3c21,Ki,1.0,9.0,nM,M4,Muscarinic M4
CHEMBL38728,COc1ccc2c(c1)c1c(n2C)CCCC1NC(C)=O,IC50,1.0,9.0,nM,M4,Muscarinic M4
CHEMBL367797,CCC(=O)NC[C@@H]1C[C@H]1c1cccc2c1C[C@@H](CCCCc1ccccc1)O2,Ki,1.0,9.0,nM,M4,Muscarinic M4
CHEMBL361410,O=C(NC[C@@H]1C[C@H]1c1cccc2c1C[C@@H](CCCCc1ccccc1)O2)C1CC1,Ki,1.0,9.0,nM,M4,Muscarinic M4
CHEMBL4280791,CNC(=S)NCC1(C)CCc2ccc3ccc(OC)cc3c21,Ki,1.0,9.0,nM,M4,Muscarinic M4
CHEMBL341439,O=C(NCC1Cc2cccc3cccc1c23)C1CC1,Ki,1.06,8.97,nM,M4,Muscarinic M4
CHEMBL1095832,CC(=O)NCCc1cccc2ccc(OCCCCOc3ccc4cccc(CCNC(=O)C5CC5)c4c3)cc12,Ki,1.07,8.97,nM,M4,Muscarinic M4
CHEMBL1774517,CCNC(=O)NCCC1=C(C(C)C)Cc2ccc3c(c21)CCO3,Ki,1.1,8.96,nM,M4,Muscarinic M4
CHEMBL4848885,CCOc1nc2ccc(OC)cc2n1CCCNC(C)=O,Ki,1.1,8.96,nM,M4,Muscarinic M4
CHEMBL266549,CCCC(=O)Nc1ccc(N(C)c2cccc(OC)c2)cc1,Ki,1.1,8.96,nM,M4,Muscarinic M4
CHEMBL4872217,CCOc1nc2ccc(OC)cc2n1CCNC(=O)CC,Ki,1.1,8.96,nM,M4,Muscarinic M4
CHEMBL55084,COc1cc2c(CCNC(C)=O)c(I)n(C)c2cc1[N+](=O)[O-],Ki,1.1,8.96,nM,M4,Muscarinic M4
CHEMBL1774525,COc1ccccc1C1=C(CCNC(C)=O)c2c(ccc3c2CCO3)C1,Ki,1.1,8.96,nM,M4,Muscarinic M4
CHEMBL206472,COc1ccc2[nH]cc(C(C)(C)CNC(C)=O)c2c1,Ki,1.12,8.95,nM,M4,Muscarinic M4
CHEMBL3260987,CC(=O)NCCN(C)c1cccc(OCCCCc2ccccc2)c1,Ki,1.17,8.93,nM,M4,Muscarinic M4
CHEMBL139439,O=C(N[C@H]1CCN(c2cccc3c2CCO3)C1)C1CC1,Ki,1.2,8.92,nM,M4,Muscarinic M4
CHEMBL3260984,CCCCCCOc1ccc2c(c1)C(CCNC(C)=O)CCO2,Ki,1.2,8.92,nM,M4,Muscarinic M4
CHEMBL4854625,COc1ccc2nc(OC)n(CCNC(C)=O)c2c1,Ki,1.2,8.92,nM,M4,Muscarinic M4
CHEMBL4848381,CC(=O)NCCC1CCc2ccc3nc(CO)oc3c21,Ki,1.2,8.92,nM,M4,Muscarinic M4
CHEMBL3741890,O=C(NCCc1cccc2ccc(OCCCOc3ccc4cccc(CCNC(=O)C(F)F)c4c3)cc12)C(F)F,Ki,1.2,8.92,nM,M4,Muscarinic M4
CHEMBL130319,CC(=O)NCC1CCc2cccc3cccc1c23,Ki,1.2,8.92,nM,M4,Muscarinic M4
CHEMBL210791,COc1ccc2c(c1)c(C(C)CNC(C)=O)cn2C,Ki,1.22,8.91,nM,M4,Muscarinic M4
CHEMBL5174929,COc1ccc2c(c1)c(CCNC(C)=O)cn2Cc1cc(OC)c(OC)cc1[N+](=O)[O-],Ki,1.259,8.9,nM,M4,Muscarinic M4
CHEMBL113441,COc1ccc2[nH]cc(CCNC(=O)CI)c2c1,IC50,1.259,8.9,nM,M4,Muscarinic M4
CHEMBL11404,CC(=O)NCCc1cccc2ccc3occc3c12,IC50,1.259,8.9,nM,M4,Muscarinic M4
CHEMBL109235,COc1ccc2scc(CCNC(C)=O)c2c1,IC50,1.259,8.9,nM,M4,Muscarinic M4
CHEMBL417151,COc1ccc2cccc(CCNC(=O)C3CC3)c2c1,IC50,1.259,8.9,nM,M4,Muscarinic M4
CHEMBL4864102,CC(=O)NCCC1CCc2ccc3nc(-c4ccccc4)oc3c21,Ki,1.3,8.89,nM,M4,Muscarinic M4
CHEMBL1760947,CCCC(=O)NCCn1ccc2ccc(OC)nc21,Ki,1.3,8.89,nM,M4,Muscarinic M4
CHEMBL339265,CC(=O)NCCCc1cccc2nc(CCCCc3ccccc3)oc12,Ki,1.3,8.89,nM,M4,Muscarinic M4
CHEMBL435586,CC(C)C(=O)NCCCc1cccc2nc(CCCCc3ccccc3)oc12,Ki,1.3,8.89,nM,M4,Muscarinic M4
CHEMBL134416,CCC(=O)NCCc1c(OC(=O)CBr)ccc2ccc(OC)cc12,Ki,1.3,8.89,nM,M4,Muscarinic M4
CHEMBL19441,CC(C)C(=O)NC[C@@H]1C[C@H]1c1cccc2c1OC(C(C)C)N2,Ki,1.3,8.89,nM,M4,Muscarinic M4
CHEMBL1774531,CC(=O)NCCC1=C(c2csc3ccccc23)Cc2ccc3c(c21)CCO3,Ki,1.3,8.89,nM,M4,Muscarinic M4
CHEMBL189395,CCCC(=O)NCC1Cc2ccccc2Cc2ccc(OC)cc21,Ki,1.288,8.89,nM,M4,Muscarinic M4
CHEMBL338425,CCCC(=O)NCC1CCc2cccc3cccc1c23,Ki,1.3,8.89,nM,M4,Muscarinic M4
CHEMBL334962,COc1ccc2cccc3c2c1C(CNC(=O)C1CC1)C3,Ki,1.32,8.88,nM,M4,Muscarinic M4
CHEMBL189414,CCC(=O)NCC1Cc2ccccc2Cc2ccc(OC)cc21,Ki,1.349,8.87,nM,M4,Muscarinic M4
CHEMBL4097233,CCC(=O)NCC(CO)c1cccc2ccc(OC)cc12,Ki,1.349,8.87,nM,M4,Muscarinic M4
CHEMBL3260979,COc1cc2c(CCNC(C)=O)c(C)[nH]c2cc1Cl,Ki,1.34,8.87,nM,M4,Muscarinic M4
CHEMBL1097496,CC(=O)NCCc1cccc2ccc(OCCCCOc3ccc4occ(CCNC(C)=O)c4c3)cc12,Ki,1.38,8.86,nM,M4,Muscarinic M4
CHEMBL1760945,COc1ccc2ccn(CCNC(C)=O)c2n1,Ki,1.4,8.85,nM,M4,Muscarinic M4
CHEMBL1774530,CC(=O)NCCC1=C(c2ccc(C(C)(C)C)cc2)Cc2ccc3c(c21)CCO3,Ki,1.4,8.85,nM,M4,Muscarinic M4
CHEMBL4548591,CC(=O)NCCc1c(Br)[nH]c2ccc(OCCO)cc12,Ki,1.445,8.84,nM,M4,Muscarinic M4
CHEMBL336268,CC(=O)N[C@H]1CCN(c2cccc3c2CCO3)C1,Ki,1.5,8.82,nM,M4,Muscarinic M4
CHEMBL1095505,CC(=O)NCCc1cccc2ccc(OCCCCOc3ccc4cc(C(C)C(=O)O)ccc4c3)cc12,Ki,1.51,8.82,nM,M4,Muscarinic M4
CHEMBL4074273,CC(=O)NCC1Cc2ccccc2N(c2ccccc2)C1,Ki,1.58,8.8,nM,M4,Muscarinic M4
CHEMBL3763281,COc1ccc2occ(CCNC(C)=O)c2n1,Ki,1.6,8.8,nM,M4,Muscarinic M4
CHEMBL3612608,CCC(=O)NCC1CCc2ccccc2N1c1ccccc1,Ki,1.6,8.8,nM,M4,Muscarinic M4
CHEMBL210147,COc1ccc2[nH]cc(C(C)CNC(C)=O)c2c1,Ki,1.67,8.78,nM,M4,Muscarinic M4
CHEMBL1223050,COc1cccc(O[C@@H](C)CNC(C)=O)c1,Ki,1.698,8.77,nM,M4,Muscarinic M4
CHEMBL395221,CCC(=O)NCCc1c[nH]c2c(C)cc(OC)cc12,Ki,1.778,8.75,nM,M4,Muscarinic M4
CHEMBL9772,COc1ccc2c(c1)c(CCNC(C)=O)c1n2Cc2ccccc2-1,Ki,1.82,8.74,nM,M4,Muscarinic M4
CHEMBL553105,CCCC(=O)NC[C@@H]1C[C@H]1c1cccc2c1OC(C(C)C)N2,Ki,1.8,8.74,nM,M4,Muscarinic M4
CHEMBL5209359,CCN(CC)c1ccc2c(COC(=O)n3cc(CCNC(C)=O)c4cc(OC)ccc43)cc(=O)oc2c1,Ki,1.82,8.74,nM,M4,Muscarinic M4
CHEMBL274842,COc1ccc2c(c1)c(CCNC(C)=O)c1n2CCc2ccccc2-1,Ki,1.82,8.74,nM,M4,Muscarinic M4
CHEMBL336633,COc1ccc2cccc3c2c1CCC3CCNC(=O)C1CC1,Ki,1.89,8.72,nM,M4,Muscarinic M4
CHEMBL3758679,COc1ccc2ccc3oc(CNC(=O)C4CC4)cc3c2c1,Ki,1.9,8.72,nM,M4,Muscarinic M4
CHEMBL4104020,COc1ccc2cccc(C(CO)CNC(=O)C(F)F)c2c1,Ki,1.905,8.72,nM,M4,Muscarinic M4
CHEMBL4071572,COc1ccc2cccc(CCNC(N)=O)c2n1,Ki,2.0,8.7,nM,M4,Muscarinic M4
CHEMBL109086,COc1cc2c(CCNC(=O)C3CC3)c[nH]c2cc1F,IC50,1.995,8.7,nM,M4,Muscarinic M4
CHEMBL4095210,CNC(=S)NCCc1cccc2ccc(OC)nc12,Ki,2.0,8.7,nM,M4,Muscarinic M4
CHEMBL4285145,COC(=O)NCC1CCc2ccc3ccc(OC)cc3c21,Ki,2.0,8.7,nM,M4,Muscarinic M4
CHEMBL181974,O=C(NCCCc1cccc2c1C[C@@H](CCCCc1ccccc1)O2)C1CC1,Ki,2.0,8.7,nM,M4,Muscarinic M4
CHEMBL368886,CCCC(=O)NCCCc1cccc2c1C[C@@H](CCCCc1ccccc1)O2,Ki,2.0,8.7,nM,M4,Muscarinic M4
CHEMBL367604,CCCC(=O)NC[C@@H]1C[C@H]1c1cccc2c1C[C@@H](CCCCc1ccccc1)O2,Ki,2.0,8.7,nM,M4,Muscarinic M4
CHEMBL4291381,CCCNC(=O)NCC1(C)CCc2ccc3ccc(OC)cc3c21,Ki,2.0,8.7,nM,M4,Muscarinic M4
CHEMBL138766,C=CCOc1ccc2cccc(CCNC(=O)CC)c2c1,IC50,1.995,8.7,nM,M4,Muscarinic M4
CHEMBL4290302,CCNC(=O)NCC1CCc2ccc3ccc(OC)cc3c21,Ki,2.0,8.7,nM,M4,Muscarinic M4
CHEMBL37771,CCC(=O)NCCc1cccc2ccc(OC)cc12,IC50,1.995,8.7,nM,M4,Muscarinic M4
CHEMBL14514,CC(=O)NCCc1cccc2ccc(OCCOc3ccc4cccc(CCNC(C)=O)c4c3)cc12,Ki,2.05,8.69,nM,M4,Muscarinic M4
CHEMBL3758717,COc1ccc2ccc3oc(CNC(C)=O)cc3c2c1,Ki,2.1,8.68,nM,M4,Muscarinic M4
CHEMBL186736,CCC(=O)NC[C@@H]1CC1c1cccc2oc(CCCCc3ccccc3)cc12,Ki,2.1,8.68,nM,M4,Muscarinic M4
CHEMBL4859295,COc1cc2c(cc1Cl)nc(OC)n2CCNC(C)=O,Ki,2.1,8.68,nM,M4,Muscarinic M4
CHEMBL340745,CCC(=O)NCCC1CCc2c(OC)ccc3cccc1c23,Ki,2.08,8.68,nM,M4,Muscarinic M4
CHEMBL344449,CNC(=O)N[C@@H]1CCN(c2cccc3c2CCO3)C1,Ki,2.2,8.66,nM,M4,Muscarinic M4
CHEMBL4854836,COc1ccc2nc(OC)n(CCCNC(C)=O)c2c1,Ki,2.2,8.66,nM,M4,Muscarinic M4
CHEMBL440692,CCC(=O)NCCc1c(O)ccc2ccc(OC)cc12,Ki,2.2,8.66,nM,M4,Muscarinic M4
CHEMBL68864,CCCC(=O)NCCc1ccnc2ccc(OC)cc12,Ki,2.2,8.66,nM,M4,Muscarinic M4
CHEMBL3764765,COc1ccc2oc(-c3ccc4ccccc4c3)c(CCNC(C)=O)c2n1,Ki,2.2,8.66,nM,M4,Muscarinic M4
CHEMBL33700,COc1ccc2c(c1)c(CCNC(C)=O)cn2C,Ki,2.239,8.65,nM,M4,Muscarinic M4
CHEMBL338659,CCCC(=O)NCCCc1cccc2nc(C)oc12,Ki,2.3,8.64,nM,M4,Muscarinic M4
CHEMBL3260981,CCCNC(=O)CCCc1cccc2c1SCCO2,IC50,2.3,8.64,nM,M4,Muscarinic M4
CHEMBL5173623,COc1ccc2c(c1)c(CCNC(C)=O)cn2C(=O)OCc1ccccc1[N+](=O)[O-],Ki,2.344,8.63,nM,M4,Muscarinic M4
CHEMBL186977,CCC(=O)N[C@H]1CCN(c2cccc3oc(CCCCc4ccccc4)cc23)C1,Ki,2.4,8.62,nM,M4,Muscarinic M4
CHEMBL1094545,COC(=O)c1ccc(-c2ccc(OCCCCOc3ccc4cccc(CCNC(C)=O)c4c3)cc2)cc1,Ki,2.37,8.62,nM,M4,Muscarinic M4
CHEMBL138817,CNC(=O)NCCc1cccc2ccc(OC)cc12,IC50,2.512,8.6,nM,M4,Muscarinic M4
CHEMBL3580910,C=CCNC(=O)CCc1c[nH]c2ccc(OC)cc12,Ki,2.5,8.6,nM,M4,Muscarinic M4
CHEMBL37703,COc1ccc2cccc(CCNC(=O)C(C)C)c2c1,IC50,2.512,8.6,nM,M4,Muscarinic M4
CHEMBL186586,CC(=O)NC[C@@H]1CC1c1cccc2oc(CCCCc3ccccc3)cc12,Ki,2.6,8.59,nM,M4,Muscarinic M4
CHEMBL133001,CCC(=O)NCC1Cc2cccc3cccc1c23,Ki,2.65,8.58,nM,M4,Muscarinic M4
CHEMBL231872,COc1cc(C)c2[nH]cc(CCNC(C)=O)c2c1,Ki,2.692,8.57,nM,M4,Muscarinic M4
CHEMBL1774518,CC(=O)NCCC1=C(Cc2ccccc2)Cc2ccc3c(c21)CCO3,Ki,2.7,8.57,nM,M4,Muscarinic M4
CHEMBL218708,COc1cccc(/C(=C/CNC(C)=O)c2ccccc2)c1,Ki,2.692,8.57,nM,M4,Muscarinic M4
CHEMBL3759802,COc1ccc2ccc3occ(CCNC(C)=O)c3c2c1,Ki,2.8,8.55,nM,M4,Muscarinic M4
CHEMBL124577,CCC(=O)NCCCc1cccc2nc(C)oc12,Ki,2.8,8.55,nM,M4,Muscarinic M4
CHEMBL391350,CCCC(=O)NCCc1c[nH]c2c(C)cc(OC)cc12,Ki,2.884,8.54,nM,M4,Muscarinic M4
CHEMBL4281915,CNC(=S)NCC1CCc2ccc3ccc(OC)cc3c21,Ki,3.0,8.52,nM,M4,Muscarinic M4
CHEMBL427516,COc1ccc2c(c1)C(CNC(C)=O)Cc1ccccc1C2=O,Ki,3.02,8.52,nM,M4,Muscarinic M4
CHEMBL1774527,COc1ccc(C2=C(CCNC(C)=O)c3c(ccc4c3CCO4)C2)cc1,Ki,3.0,8.52,nM,M4,Muscarinic M4
CHEMBL127596,Cc1nc2cccc(CCCNC(=O)C(C)C)c2o1,Ki,3.0,8.52,nM,M4,Muscarinic M4
CHEMBL19260,CCNC(=O)NC[C@@H]1C[C@H]1c1cccc2c1OC(CC)N2,Ki,3.1,8.51,nM,M4,Muscarinic M4
CHEMBL1223195,CCCC(=O)NC[C@H](C)Oc1cccc(OC)c1,Ki,3.09,8.51,nM,M4,Muscarinic M4
CHEMBL2314258,CNC(=O)N/C=C/c1c(OC)ccc2ccccc12,Ki,3.1,8.51,nM,M4,Muscarinic M4
CHEMBL140549,CCCOc1ccc2cccc(CCNC(=O)CC)c2c1,IC50,3.162,8.5,nM,M4,Muscarinic M4
CHEMBL141115,CNC(=O)NCCc1coc2ccc(OC)cc12,IC50,3.162,8.5,nM,M4,Muscarinic M4
CHEMBL556908,CCCC(=O)NCCc1c2n(c3ccc(OC)cc13)CCN(C)C2,IC50,3.14,8.5,nM,M4,Muscarinic M4
CHEMBL436006,C=CCc1c(O)ccc2cccc(CCNC(=O)CC)c12,IC50,3.162,8.5,nM,M4,Muscarinic M4
CHEMBL125705,CCCC(=O)NCCCc1cccc2nc(CCCCc3ccccc3)oc12,Ki,3.3,8.48,nM,M4,Muscarinic M4
CHEMBL96859,CCCC(=O)NCCc1c(Cc2ccccc2)oc2ccc(OC)cc12,Ki,3.29,8.48,nM,M4,Muscarinic M4
CHEMBL1760946,CCC(=O)NCCn1ccc2ccc(OC)nc21,Ki,3.3,8.48,nM,M4,Muscarinic M4
CHEMBL4074895,CCC(=O)NC[C@H](CO)c1cccc2ccc(OC)cc12,Ki,3.388,8.47,nM,M4,Muscarinic M4
CHEMBL1813321,CC(=O)NCCN(C)c1cccc(OCCCCCCOc2cccc(N(C)CCNC(C)=O)c2)c1,Ki,3.388,8.47,nM,M4,Muscarinic M4
CHEMBL4068887,CCC(=O)NC[C@@H]1CN(C)c2ccccc2[C@@H]1c1ccccc1,Ki,3.4,8.47,nM,M4,Muscarinic M4
CHEMBL1097497,CC(=O)NCCc1cccc2ccc(OCCCCOc3ccc4scc(CCNC(C)=O)c4c3)cc12,Ki,3.47,8.46,nM,M4,Muscarinic M4
CHEMBL124362,CCC(=O)NCCCc1cccc2nc(CC)oc12,Ki,3.5,8.46,nM,M4,Muscarinic M4
CHEMBL97186,C=CCC(=O)NCCc1c(Cc2ccccc2)oc2ccc(OC)cc12,Ki,3.51,8.46,nM,M4,Muscarinic M4
CHEMBL19109,CCCC1Nc2cccc([C@@H]3C[C@H]3CNC(=O)NCC)c2O1,Ki,3.5,8.46,nM,M4,Muscarinic M4
CHEMBL4083618,CCC(=O)NC[C@@H]1CCc2ccccc2[C@@H]1c1ccccc1,Ki,3.5,8.46,nM,M4,Muscarinic M4
CHEMBL233728,COc1cc(Br)c2[nH]cc(CCNC(C)=O)c2c1,Ki,3.548,8.45,nM,M4,Muscarinic M4
CHEMBL4860729,CCOc1nc2ccc(OC)cc2n1CCNC(=O)C1CCC1,Ki,3.6,8.44,nM,M4,Muscarinic M4
CHEMBL1222986,COc1cccc(OC(C)CNC(C)=O)c1,Ki,3.631,8.44,nM,M4,Muscarinic M4
CHEMBL139497,CCCC(=O)N[C@H]1CCN(c2cccc(OC)c2)C1,Ki,3.7,8.43,nM,M4,Muscarinic M4
CHEMBL187186,CC(C)C(=O)NCCCc1cccc2oc(CCCCc3ccccc3)cc12,Ki,3.7,8.43,nM,M4,Muscarinic M4
CHEMBL2314252,COc1ccc2ccccc2c1[C@@H]1C[C@H]1NC(C)=O,Ki,3.7,8.43,nM,M4,Muscarinic M4
CHEMBL1223198,CCCC(=O)NC[C@H](C)Sc1cccc(OC)c1,Ki,3.89,8.41,nM,M4,Muscarinic M4
CHEMBL138228,O=C(N[C@@H]1CCN(c2cccc3c2CCO3)C1)C1CC1,Ki,3.9,8.41,nM,M4,Muscarinic M4
CHEMBL3260985,CC(=O)NCCc1c[nH]c2ccc(OCCCc3ccccc3)cc12,Ki,3.9,8.41,nM,M4,Muscarinic M4
CHEMBL321612,COc1ccc2scc(CCNC(=O)C3CC3)c2c1,IC50,3.981,8.4,nM,M4,Muscarinic M4
CHEMBL4292109,CCNC(=S)NCC1(C)CCc2ccc3ccc(OC)cc3c21,Ki,4.0,8.4,nM,M4,Muscarinic M4
CHEMBL362849,CC(=O)NCCCc1cccc2c1C[C@@H](CCCCc1ccccc1)O2,Ki,4.0,8.4,nM,M4,Muscarinic M4
CHEMBL4288925,COc1ccc2ccc3c(c2c1)C(CCNC(C)=O)CC3,Ki,4.0,8.4,nM,M4,Muscarinic M4
CHEMBL335116,COc1ccc2cccc(CCNC(N)=O)c2c1,IC50,3.981,8.4,nM,M4,Muscarinic M4
CHEMBL181687,CC(C)C(=O)NCCCc1cccc2c1C[C@@H](CCCCc1ccccc1)O2,Ki,4.0,8.4,nM,M4,Muscarinic M4
CHEMBL1813323,CC(=O)NCCN(C)c1cccc(OCCCCCCCCCCOc2cccc(N(C)CCNC(C)=O)c2)c1,Ki,3.981,8.4,nM,M4,Muscarinic M4
CHEMBL441664,CCCC(=O)NOCc1cccc2ccc(OC)cc12,IC50,3.981,8.4,nM,M4,Muscarinic M4
CHEMBL4079699,CCNC(=S)NCCc1cccc2ccc(OC)nc12,Ki,4.0,8.4,nM,M4,Muscarinic M4
CHEMBL337580,CC(=O)NCCc1coc2ccc3c(c12)C=CCO3,IC50,3.981,8.4,nM,M4,Muscarinic M4
CHEMBL1095522,CC(=O)NCCc1cccc2ccc(OCCCCOc3ccc4[nH]cc(CCNC(C)=O)c4c3)cc12,Ki,4.04,8.39,nM,M4,Muscarinic M4
CHEMBL10099,CCCC(=O)NCCc1c2n(c3ccc(OC)cc13)CCc1ccccc1-2,Ki,4.07,8.39,nM,M4,Muscarinic M4
CHEMBL233729,CCC(=O)NCCc1c[nH]c2c(Br)cc(OC)cc12,Ki,4.169,8.38,nM,M4,Muscarinic M4
CHEMBL279401,CCCC(=O)NCCN(c1ccccc1)c1cccc(OC)c1,Ki,4.169,8.38,nM,M4,Muscarinic M4
CHEMBL1223193,CCCC(=O)NCC(C)Oc1cccc(OC)c1,Ki,4.169,8.38,nM,M4,Muscarinic M4
CHEMBL235327,COc1cccc(N(CCNC(C)=O)c2ccccc2)c1,Ki,4.169,8.38,nM,M4,Muscarinic M4
CHEMBL78751,CCC(=O)NCCc1c(OCCO)ccc2ccc(OC)cc12,Ki,4.3,8.37,nM,M4,Muscarinic M4
CHEMBL131602,CC(=O)NCC1Cc2cccc3cccc1c23,Ki,4.24,8.37,nM,M4,Muscarinic M4
CHEMBL377101,CCCC(=O)NCC(C)c1cn(C)c2ccc(OC)cc12,Ki,4.27,8.37,nM,M4,Muscarinic M4
CHEMBL336333,CCC(=O)NCCC1Cc2cccc3cccc1c23,Ki,4.34,8.36,nM,M4,Muscarinic M4
CHEMBL4870108,CC(=O)NCCC1CCc2ccc3nc(Cc4ccccc4)oc3c21,Ki,4.4,8.36,nM,M4,Muscarinic M4
CHEMBL274317,CCC(=O)NCCc1c2n(c3ccc(OC)cc13)Cc1ccccc1-2,Ki,4.37,8.36,nM,M4,Muscarinic M4
CHEMBL342393,CCCNC(=O)N[C@@H]1CCN(c2cccc3c2CCO3)C1,Ki,4.4,8.36,nM,M4,Muscarinic M4
CHEMBL9997,CCC(=O)NCCc1c2n(c3ccc(OC)cc13)CCc1ccccc1-2,Ki,4.37,8.36,nM,M4,Muscarinic M4
CHEMBL125642,CCc1nc2cccc(CCCNC(=O)C3CC3)c2o1,Ki,4.5,8.35,nM,M4,Muscarinic M4
CHEMBL10009,CCCC(=O)NCCc1c2n(c3ccc(OC)cc13)Cc1ccccc1-2,Ki,4.47,8.35,nM,M4,Muscarinic M4
CHEMBL3758225,COc1ccc2ccc3occ(CNC(C)=O)c3c2c1,Ki,4.6,8.34,nM,M4,Muscarinic M4
CHEMBL4095334,COc1ccc2cccc(C(CO)CNC(=O)CF)c2c1,Ki,4.677,8.33,nM,M4,Muscarinic M4
CHEMBL428692,CCC(=O)NC[C@@H]1C[C@H]1c1cccc2c1OC(C(C)C)N2,Ki,4.9,8.31,nM,M4,Muscarinic M4
CHEMBL379616,CCC(=O)NCC(C)c1cn(C)c2ccc(OC)cc12,Ki,4.9,8.31,nM,M4,Muscarinic M4
CHEMBL19050,CCCC1Nc2cccc([C@@H]3C[C@H]3CNC(=O)C(C)C)c2O1,Ki,4.9,8.31,nM,M4,Muscarinic M4
CHEMBL4202816,CC(=O)NCCc1c[nH]c2ccc(OCCCCCCCCNC(=O)Oc3cccc(-c4ccccc4)c3)cc12,Ki,4.898,8.31,nM,M4,Muscarinic M4
CHEMBL137910,C#CCOc1ccc2cccc(CCNC(C)=O)c2c1,IC50,5.012,8.3,nM,M4,Muscarinic M4
CHEMBL3580908,C#CCNC(=O)CCc1c[nH]c2ccc(OC)cc12,Ki,5.0,8.3,nM,M4,Muscarinic M4
CHEMBL138440,COc1ccc2cccc(C(O)CNC(C)=O)c2c1,IC50,5.012,8.3,nM,M4,Muscarinic M4
CHEMBL110980,COc1ccc2occ(CCNC(=O)C3CC3)c2c1,IC50,5.012,8.3,nM,M4,Muscarinic M4
CHEMBL320253,COc1ccc2scc(CCNC(=O)CI)c2c1,IC50,5.012,8.3,nM,M4,Muscarinic M4
CHEMBL3612461,CCNC(=O)NCC1CCc2c(OC)cccc2N1C,Ki,5.0,8.3,nM,M4,Muscarinic M4
CHEMBL4089965,COc1ccc2cccc(CCC(=O)NS(C)(=O)=O)c2n1,Ki,5.0,8.3,nM,M4,Muscarinic M4
CHEMBL4294790,CCCNC(=O)NCC1CCc2ccc3ccc(OC)cc3c21,Ki,5.0,8.3,nM,M4,Muscarinic M4
CHEMBL138752,COc1ccc2ccc3c(c2c1)CC(NC(C)=O)CO3,IC50,5.012,8.3,nM,M4,Muscarinic M4
CHEMBL4277185,COc1ccc2ccc3c(c2n1)C(CCNC(C)=O)CC3,Ki,5.0,8.3,nM,M4,Muscarinic M4
CHEMBL322339,COc1ccc2cccc(CCNC(=O)C(F)(F)F)c2c1,Ki,5.0,8.3,nM,M4,Muscarinic M4
CHEMBL3742090,COc1ccc2cccc(CCNC(=O)C(Cl)Cl)c2c1,Ki,5.012,8.3,nM,M4,Muscarinic M4
CHEMBL278922,CC(=O)NC[C@@H]1C[C@H]1c1cccc2c1OC(C(C)C)N2,Ki,5.1,8.29,nM,M4,Muscarinic M4
CHEMBL233308,CCCC(=O)NCCc1c[nH]c2c(Br)cc(OC)cc12,Ki,5.129,8.29,nM,M4,Muscarinic M4
CHEMBL1097525,CC(=O)NCCc1cccc2ccc(-c3ccc4cccc(CCNC(C)=O)c4c3)cc12,Ki,5.2,8.28,nM,M4,Muscarinic M4
CHEMBL398017,COc1cccc(NCCNC(C)=O)c1,Ki,5.248,8.28,nM,M4,Muscarinic M4
CHEMBL3612462,CCNC(=O)NCC1CCc2ccccc2N1C,Ki,5.3,8.28,nM,M4,Muscarinic M4
CHEMBL94301,CNC(=O)NCCc1c(Cc2ccccc2)oc2ccc(OC)cc12,Ki,5.37,8.27,nM,M4,Muscarinic M4
CHEMBL1223192,COc1cccc(S[C@@H](C)CNC(=O)C2CC2)c1,Ki,5.37,8.27,nM,M4,Muscarinic M4
CHEMBL3219327,CCC(=O)NCCc1c(CN2Cc3ccccc3C2)[nH]c2ccc(OC)cc12,Ki,5.623,8.25,nM,M4,Muscarinic M4
CHEMBL515856,COc1ccc2c(c1)CCN2Cc1[nH]c2ccc(OC)cc2c1CCNC(C)=O,Ki,5.754,8.24,nM,M4,Muscarinic M4
CHEMBL1223053,COc1cccc(S[C@@H](C)CNC(C)=O)c1,Ki,5.754,8.24,nM,M4,Muscarinic M4
CHEMBL3612606,CCCN1c2ccccc2CCC1CNC(C)=O,Ki,5.8,8.24,nM,M4,Muscarinic M4
CHEMBL3759084,COc1ccc2ccc3oc(CNC(=O)CF)cc3c2c1,Ki,5.7,8.24,nM,M4,Muscarinic M4
CHEMBL517502,COc1ccc2cc(-c3ccccc3CO)cc(CCNC(C)=O)c2c1,Ki,5.9,8.23,nM,M4,Muscarinic M4
CHEMBL4087633,COc1ccc2cccc([C@@H](CO)CNC(=O)CF)c2c1,Ki,5.888,8.23,nM,M4,Muscarinic M4
CHEMBL69521,COc1ccc2nccc(CCNC(C)=O)c2c1,Ki,5.9,8.23,nM,M4,Muscarinic M4
CHEMBL138744,CC(C)C(=O)N[C@H]1CCN(c2cccc3c2CCO3)C1,Ki,6.0,8.22,nM,M4,Muscarinic M4
CHEMBL4289115,COc1ccc2ccc3c(c2c1)C(CNC(N)=S)CC3,Ki,6.0,8.22,nM,M4,Muscarinic M4
CHEMBL4214478,CC(=O)NCCc1c[nH]c2ccc(OCCCCCCNC(=O)Oc3cccc(-c4ccccc4)c3)cc12,Ki,6.026,8.22,nM,M4,Muscarinic M4
CHEMBL426127,CCC(=O)NCC(C)(C)c1cn(C)c2ccc(OC)cc12,Ki,6.03,8.22,nM,M4,Muscarinic M4
CHEMBL183846,O=C(NCCCc1cccc2oc(CCCCc3ccccc3)cc12)C1CC1,Ki,6.0,8.22,nM,M4,Muscarinic M4
CHEMBL361854,CC(C)C(=O)NC[C@@H]1C[C@H]1c1cccc2c1C[C@@H](CCCCc1ccccc1)O2,Ki,6.0,8.22,nM,M4,Muscarinic M4
CHEMBL189449,COc1ccc2c(c1)C(CNC(C)=O)Cc1ccccc1C2,Ki,6.166,8.21,nM,M4,Muscarinic M4
CHEMBL3739674,O=C(NCCc1c[nH]c2ccc(OCCCOc3ccccc3)cc12)C(F)F,Ki,6.166,8.21,nM,M4,Muscarinic M4
CHEMBL111718,CCCCC(=O)NCCc1coc2ccc(OC)cc12,IC50,6.31,8.2,nM,M4,Muscarinic M4
CHEMBL139410,CCCc1cc(CCNC(C)=O)c2cc(OC)ccc2c1,IC50,6.31,8.2,nM,M4,Muscarinic M4
CHEMBL139014,CCCCCOc1ccc2cccc(CCNC(=O)CC)c2c1,IC50,6.31,8.2,nM,M4,Muscarinic M4
CHEMBL337295,CC(=O)NCCC1Cc2cccc3cccc1c23,Ki,6.5,8.19,nM,M4,Muscarinic M4
CHEMBL133426,CCCC(=O)NCCC1Cc2cccc3cccc1c23,Ki,6.41,8.19,nM,M4,Muscarinic M4
CHEMBL131431,O=C(NCCC1Cc2cccc3cccc1c23)C1CC1,Ki,6.48,8.19,nM,M4,Muscarinic M4
CHEMBL435023,O=C(NC1CC1)N[C@@H]1CCN(c2cccc3c2CCO3)C1,Ki,6.6,8.18,nM,M4,Muscarinic M4
CHEMBL124476,CCC(=O)NCCCc1cccc2ncoc12,Ki,6.6,8.18,nM,M4,Muscarinic M4
CHEMBL229015,CC(=O)N/C=C/c1cccc2ccccc12,Ki,6.7,8.17,nM,M4,Muscarinic M4
CHEMBL306468,CCC(=O)NCCc1ccnc2ccc(OC)cc12,Ki,6.9,8.16,nM,M4,Muscarinic M4
CHEMBL4278446,CCCNC(=O)NCC1CCc2ccc3ccc(OC)nc3c21,Ki,7.0,8.15,nM,M4,Muscarinic M4
CHEMBL136431,CCNC(=O)N[C@H]1CCN(c2cccc3c2CCO3)C1,Ki,7.0,8.15,nM,M4,Muscarinic M4
CHEMBL4082097,COC(=O)NCCc1cccc2ccc(OC)nc12,Ki,7.0,8.15,nM,M4,Muscarinic M4
CHEMBL4286494,CCS(=O)(=O)NCC1CCc2ccc3ccc(OC)cc3c21,Ki,7.0,8.15,nM,M4,Muscarinic M4
CHEMBL396132,COc1cccc(OCCNC(C)=O)c1,Ki,7.244,8.14,nM,M4,Muscarinic M4
CHEMBL94607,COc1ccc2oc(Cc3cccc(Cl)c3)c(CCNC(C)=O)c2c1,Ki,7.19,8.14,nM,M4,Muscarinic M4
CHEMBL363936,CCC(=O)NCCCc1cccc2oc(CCCCc3ccccc3)cc12,Ki,7.5,8.12,nM,M4,Muscarinic M4
CHEMBL1223129,COc1cccc(O[C@H](C)CNC(=O)C2CC2)c1,Ki,7.762,8.11,nM,M4,Muscarinic M4
CHEMBL5195595,COc1ccc2c(c1)c(CCNC(C)=O)cn2C(=O)OCc1cc(OC)c(OC)cc1[N+](=O)[O-],Ki,7.762,8.11,nM,M4,Muscarinic M4
CHEMBL82135,CCCCOc1ccc2ccc(OC)cc2c1CCNC(=O)CC,Ki,7.7,8.11,nM,M4,Muscarinic M4
CHEMBL3260986,CC(=O)NCCc1c[nH]c2ccc(OCCCOc3ccccc3)cc12,Ki,7.9,8.1,nM,M4,Muscarinic M4
CHEMBL342432,COc1ccc2cc(CC3CC3)cc(CCNC(C)=O)c2c1,IC50,7.943,8.1,nM,M4,Muscarinic M4
CHEMBL138549,COc1ccc2cccc(CONC(C)=O)c2c1,IC50,7.943,8.1,nM,M4,Muscarinic M4
CHEMBL342655,COc1ccc2occ(CCNC(=O)CI)c2c1,IC50,7.943,8.1,nM,M4,Muscarinic M4
CHEMBL336010,CCC(=O)NCCc1cccc2ccc(OCC3CC3)cc12,IC50,7.943,8.1,nM,M4,Muscarinic M4
CHEMBL4079784,CNC(=O)CCc1cccc2ccc(OC)nc12,Ki,8.0,8.1,nM,M4,Muscarinic M4
CHEMBL552002,COc1ccc(N(C)Cc2[nH]c3ccc(OC)cc3c2CCNC(C)=O)cc1,Ki,8.0,8.1,nM,M4,Muscarinic M4
CHEMBL344268,CCNC(=O)NCCc1coc2ccc(OC)cc12,IC50,7.943,8.1,nM,M4,Muscarinic M4
CHEMBL387655,COc1ccc2[nH]c(C(=O)OCCCCCCCCOC(=O)c3[nH]c4ccc(OC)cc4c3CCNC(C)=O)c(CCNC(C)=O)c2c1,Ki,7.91,8.1,nM,M4,Muscarinic M4
CHEMBL207960,COc1ccc2[nH]cc(C3(CNC(C)=O)CCC3)c2c1,Ki,8.2,8.09,nM,M4,Muscarinic M4
CHEMBL315653,CCCCCCOc1ccc2oc(Cc3ccccc3)c(CCNC(C)=O)c2c1,Ki,8.2,8.09,nM,M4,Muscarinic M4
CHEMBL311106,CCCOc1ccc2ccc(OC)cc2c1CCNC(=O)CC,Ki,8.1,8.09,nM,M4,Muscarinic M4
CHEMBL124422,CCCC(=O)NCCCc1cccc2nc(CC)oc12,Ki,8.1,8.09,nM,M4,Muscarinic M4
CHEMBL207745,CCCC(=O)NCC(C)(C)c1cn(C)c2ccc(OC)cc12,Ki,8.51,8.07,nM,M4,Muscarinic M4
CHEMBL1223131,COc1cccc(SC(C)CNC(=O)C2CC2)c1,Ki,8.511,8.07,nM,M4,Muscarinic M4
CHEMBL328617,COc1ccc2oc(Cc3ccccc3)c(CCNC(=O)CI)c2c1,Ki,8.67,8.06,nM,M4,Muscarinic M4
CHEMBL392421,COc1cc(C)c2c(c1)c(CCNC(C)=O)cn2C,Ki,8.71,8.06,nM,M4,Muscarinic M4
CHEMBL3741561,CC(=O)NCCc1cccc2ccc(OCCCCc3ccccc3)cc12,Ki,9.0,8.05,nM,M4,Muscarinic M4
CHEMBL4284223,CCCNC(=S)NCC1(C)CCc2ccc3ccc(OC)cc3c21,Ki,9.0,8.05,nM,M4,Muscarinic M4
CHEMBL361206,CCNC(=O)NC[C@@H]1C[C@H]1c1cccc2c1C[C@@H](CCCCc1ccccc1)O2,Ki,9.0,8.05,nM,M4,Muscarinic M4
CHEMBL130286,COc1ccc2cccc3c2c1CCC3CCNC(C)=O,Ki,8.9,8.05,nM,M4,Muscarinic M4
CHEMBL125665,CCc1nc2cccc(CCCNC(C)=O)c2o1,Ki,9.0,8.05,nM,M4,Muscarinic M4
CHEMBL3739824,CC(=O)NCCc1cccc2ccc(OCCCc3ccccc3)cc12,Ki,9.0,8.05,nM,M4,Muscarinic M4
CHEMBL1760957,COc1ccc2c3c(n(CCNC(C)=O)c2n1)CCCC3,Ki,9.0,8.05,nM,M4,Muscarinic M4
CHEMBL9590,CCCC(=O)NCCc1c2n(c3ccc(OCC)cc13)Cc1ccccc1-2,Ki,8.91,8.05,nM,M4,Muscarinic M4
CHEMBL181192,CCNC(=O)NCCCc1cccc2c1C[C@@H](CCCCc1ccccc1)O2,Ki,9.0,8.05,nM,M4,Muscarinic M4
CHEMBL1095504,CC(=O)NCCc1cccc2ccc(OCCCCOc3ccc4cccc(CC(=O)O)c4c3)cc12,Ki,9.1,8.04,nM,M4,Muscarinic M4
CHEMBL1774519,CC(=O)NCCC1=C(CC2CCCCC2)Cc2ccc3c(c21)CCO3,Ki,9.2,8.04,nM,M4,Muscarinic M4
CHEMBL1223196,CCCC(=O)NCC(C)Sc1cccc(OC)c1,Ki,9.12,8.04,nM,M4,Muscarinic M4
CHEMBL4871181,CC(=O)NCCC1CCc2ccn3nc(C)c(C)c3c21,Ki,9.3,8.03,nM,M4,Muscarinic M4
CHEMBL3765249,COc1cc2c(CCNC(C)=O)c[nH]c2cn1,Ki,9.5,8.02,nM,M4,Muscarinic M4
CHEMBL226112,COc1ccc2[nH]c(C(=O)OCCCOC(=O)c3[nH]c4ccc(OC)cc4c3CCNC(C)=O)c(CCNC(C)=O)c2c1,Ki,9.5,8.02,nM,M4,Muscarinic M4
CHEMBL498493,COc1ccc2[nH]c(CN3c4ccccc4C[C@H]3CO)c(CCNC(C)=O)c2c1,Ki,9.8,8.01,nM,M4,Muscarinic M4
CHEMBL363947,CCCC(=O)NC[C@@H]1CC1c1cccc2oc(CCCCc3ccccc3)cc12,Ki,10.0,8.0,nM,M4,Muscarinic M4
CHEMBL11328,CC(=O)NCCC1CCCc2ccc3c(c21)CCCO3,IC50,10.0,8.0,nM,M4,Muscarinic M4
CHEMBL130813,COc1ccc2cccc3c2c1C(CCNC(=O)C1CC1)C3,Ki,10.0,8.0,nM,M4,Muscarinic M4
CHEMBL3758720,COc1ccc2ccc3oc(CCNC(C)=O)cc3c2c1,Ki,10.0,8.0,nM,M4,Muscarinic M4
CHEMBL3759160,COc1ccc2ccc3occ(CNC(=O)CF)c3c2c1,Ki,9.9,8.0,nM,M4,Muscarinic M4
CHEMBL124914,CCCC(=O)NCCCc1cccc2ncoc12,Ki,9.9,8.0,nM,M4,Muscarinic M4
CHEMBL341761,CNC(=O)CCCc1cccc2c1SCCO2,IC50,10.0,8.0,nM,M4,Muscarinic M4
CHEMBL138288,CCNC(=O)NCCc1cccc2ccc(OC)cc12,IC50,10.0,8.0,nM,M4,Muscarinic M4
CHEMBL286615,CC(=O)NCCc1c(Cc2ccccc2)[nH]c2ccccc12,Ki,10.23,7.99,nM,M4,Muscarinic M4
CHEMBL233309,COc1cc(Br)c2c(c1)c(CCNC(C)=O)cn2C,Ki,10.47,7.98,nM,M4,Muscarinic M4
CHEMBL207625,CCCC(=O)NCC1(c2cn(C)c3ccc(OC)cc23)CCC1,Ki,10.6,7.97,nM,M4,Muscarinic M4
CHEMBL3648360,CCC(=O)NCC[C@H]1CCc2ccc3nc(C)oc3c21,IC50,11.0,7.96,nM,M4,Muscarinic M4
CHEMBL7867,CCCC(=O)Nc1ccc(Cc2cccc(OC)c2)cc1,Ki,10.9,7.96,nM,M4,Muscarinic M4
CHEMBL138807,COc1ccc2cccc(C(CO)CNC(C)=O)c2c1,Ki,10.96,7.96,nM,M4,Muscarinic M4
CHEMBL131919,CCC(=O)NCCc1c(OC(=O)CCl)ccc2ccc(OC)cc12,Ki,11.0,7.96,nM,M4,Muscarinic M4
CHEMBL184144,CCCC(=O)N[C@H]1CCN(c2cccc3oc(CCCCc4ccccc4)cc23)C1,Ki,11.0,7.96,nM,M4,Muscarinic M4
CHEMBL5557851,CCC(=O)NCC(C)(C)c1c2n(c3ccc(OC)cc13)CCc1ccccc1-2,Ki,11.0,7.96,nM,M4,Muscarinic M4
CHEMBL34730,COc1cc2c(CCNC(C)=O)c[nH]c2cc1Cl,Ki,11.4,7.94,nM,M4,Muscarinic M4
CHEMBL5403425,COc1ccc2[nH]c(Oc3ccccc3)c(CCNC(C)=O)c2c1,Ki,11.48,7.94,nM,M4,Muscarinic M4
CHEMBL208307,COc1ccc2c(c1)c(C(C)(C)CNC(C)=O)cn2C,Ki,11.5,7.94,nM,M4,Muscarinic M4
CHEMBL565176,COc1ccc2c(c1)c(CCNC(C)=O)c1n2CCN(C)C1,Ki,11.75,7.93,nM,M4,Muscarinic M4
CHEMBL3740377,O=C(NCCc1cccc2ccc(OCCCCOc3ccc4cccc(CCNC(=O)C(F)F)c4c3)cc12)C(F)F,Ki,11.75,7.93,nM,M4,Muscarinic M4
CHEMBL19237,CNC(=O)NC[C@@H]1C[C@H]1c1cccc2c1OC(C(C)C)N2,Ki,11.8,7.93,nM,M4,Muscarinic M4
CHEMBL5397024,COc1ccc2c(c1)c(CCNC(C)=O)c(-c1cccc3ccccc13)n2C,Ki,12.02,7.92,nM,M4,Muscarinic M4
CHEMBL7567,COc1cccc(N(C)c2ccc(NC(=O)C3CC3)cc2)c1,Ki,12.0,7.92,nM,M4,Muscarinic M4
CHEMBL344880,CN/C(S)=N/CCc1cccc2ccc(OC)cc12,IC50,12.59,7.9,nM,M4,Muscarinic M4
CHEMBL336225,CNC(=O)CCc1cccc2ccc(OC)cc12,IC50,12.59,7.9,nM,M4,Muscarinic M4
CHEMBL139516,COc1ccc2c(c1)C(CCNC(=O)CI)CCC2,IC50,12.59,7.9,nM,M4,Muscarinic M4
CHEMBL342592,C=CCOc1ccc2cccc(CCNC(=O)C3CC3)c2c1,IC50,12.59,7.9,nM,M4,Muscarinic M4
CHEMBL139228,COc1ccc2occ(CCNS(C)(=O)=O)c2c1,IC50,12.59,7.9,nM,M4,Muscarinic M4
CHEMBL4211018,CC(=O)NCCN(C)c1cccc(OCCCCNC(=O)Oc2cccc(-c3ccccc3)c2)c1,Ki,12.88,7.89,nM,M4,Muscarinic M4
CHEMBL3628489,COc1ccc2oc(=O)cc(CCNC(C)=O)c2c1,Ki,13.0,7.89,nM,M4,Muscarinic M4
CHEMBL4846505,CCOc1nc2cc(Cl)c(OC)cc2n1CCCNC(C)=O,Ki,13.0,7.89,nM,M4,Muscarinic M4
CHEMBL96420,COc1ccc2oc(-c3ccccc3)c(CCNC(=O)c3ccco3)c2c1,Ki,12.9,7.89,nM,M4,Muscarinic M4
CHEMBL3612456,CCC(=O)NCC1CCc2ccccc2N1,Ki,13.0,7.89,nM,M4,Muscarinic M4
CHEMBL262890,CCc1nc2cccc(CCCNC(=O)C(C)C)c2o1,Ki,13.2,7.88,nM,M4,Muscarinic M4
CHEMBL125033,CCC(=O)NCCCc1cccc2nc(-c3ccccc3)oc12,Ki,13.1,7.88,nM,M4,Muscarinic M4
CHEMBL3580907,C#CCNC(=O)Cc1c[nH]c2ccc(OC)cc12,Ki,14.0,7.85,nM,M4,Muscarinic M4
CHEMBL233310,CCC(=O)NCCc1cn(C)c2c(Br)cc(OC)cc12,Ki,14.13,7.85,nM,M4,Muscarinic M4
CHEMBL1813324,CC(=O)NCCN(C)c1cccc(OCCCCCCOc2ccccc2)c1,Ki,14.45,7.84,nM,M4,Muscarinic M4
CHEMBL9630,CCOc1ccc2c(c1)c(CCNC(=O)CC)c1n2Cc2ccccc2-1,Ki,14.5,7.84,nM,M4,Muscarinic M4
CHEMBL298335,COc1cc2c(CCNC(C)=O)c[nH]c2cc1[N+](=O)[O-],Ki,14.6,7.84,nM,M4,Muscarinic M4
CHEMBL329960,COc1ccc2oc(Cc3ccccc3OC)c(CCNC(C)=O)c2c1,Ki,14.3,7.84,nM,M4,Muscarinic M4
CHEMBL5418672,COc1ccc2[nH]c(-c3cccc4[nH]ccc34)c(CCNC(C)=O)c2c1,Ki,14.79,7.83,nM,M4,Muscarinic M4
CHEMBL5435480,COc1ccc2[nH]c(-c3cccc4ncccc34)c(CCNC(C)=O)c2c1,Ki,14.79,7.83,nM,M4,Muscarinic M4
CHEMBL3648357,CC(=O)NCC[C@H]1CCc2ccc3nc(C)oc3c21,IC50,15.0,7.82,nM,M4,Muscarinic M4
CHEMBL560865,COc1ccc2[nH]c(CN(C)c3ccccc3)c(CCNC(C)=O)c2c1,Ki,15.49,7.81,nM,M4,Muscarinic M4
CHEMBL5435438,COc1ccc2[nH]c(-c3cccc4ccccc34)c(CCNC(C)=O)c2c1,Ki,15.49,7.81,nM,M4,Muscarinic M4
CHEMBL413121,CCc1cc(CCNC(=O)C2CC2)c2cc(OC)ccc2c1,IC50,15.85,7.8,nM,M4,Muscarinic M4
CHEMBL138053,CNC(=O)CCCc1cccc2c1OCCO2,IC50,15.85,7.8,nM,M4,Muscarinic M4
CHEMBL4100108,CCS(=O)(=O)NC(=O)CCc1cccc2ccc(OC)nc12,Ki,16.0,7.8,nM,M4,Muscarinic M4
CHEMBL137983,CCCCOc1ccc2cccc(CCNC(=O)CC)c2c1,IC50,15.85,7.8,nM,M4,Muscarinic M4
CHEMBL233516,CCC(=O)NCCc1cn(C)c2c(C)cc(OC)cc12,Ki,15.85,7.8,nM,M4,Muscarinic M4
CHEMBL1760956,COc1ccc2c(I)cn(CCNC(C)=O)c2n1,Ki,16.0,7.8,nM,M4,Muscarinic M4
CHEMBL11416,CC(=O)NCCc1cccc2ccc3c(c12)C(=O)CO3,IC50,15.85,7.8,nM,M4,Muscarinic M4
CHEMBL184990,CCCC(=O)NCCCc1cccc2oc(CCCCc3ccccc3)cc12,Ki,16.0,7.8,nM,M4,Muscarinic M4
CHEMBL138201,COc1ccc2cc(Cc3ccccc3)cc(CCNC(C)=O)c2c1,IC50,15.85,7.8,nM,M4,Muscarinic M4
CHEMBL138037,C#CCOc1ccc2occ(CCNC(C)=O)c2c1,IC50,15.85,7.8,nM,M4,Muscarinic M4
CHEMBL360428,O=C(NC[C@@H]1CC1c1cccc2oc(CCCCc3ccccc3)cc12)C1CC1,Ki,16.0,7.8,nM,M4,Muscarinic M4
CHEMBL5419646,COc1ccc2[nH]c(-c3ccc(-c4ccccc4)cc3)c(CCNC(C)=O)c2c1,Ki,16.22,7.79,nM,M4,Muscarinic M4
CHEMBL4215980,CCC(=O)NCCN(C)c1cccc(OCCCCCCNC(=O)Oc2cccc(-c3ccccc3)c2)c1,Ki,16.22,7.79,nM,M4,Muscarinic M4
CHEMBL235328,CC(=O)NCCN(c1ccccc1)c1cccc(Br)c1,Ki,16.98,7.77,nM,M4,Muscarinic M4
CHEMBL3759080,CCNC(=O)NCc1cc2c(ccc3ccc(OC)cc32)o1,Ki,17.0,7.77,nM,M4,Muscarinic M4
CHEMBL3612464,CCC(=O)NCC1CCc2c(OC)cccc2N1Cc1ccccc1,Ki,17.0,7.77,nM,M4,Muscarinic M4
CHEMBL3580909,C=CCNC(=O)Cc1c[nH]c2ccc(OC)cc12,Ki,17.0,7.77,nM,M4,Muscarinic M4
CHEMBL126809,CC(=O)NCCc1c[nH]c2ccc(OCCO)cc12,Ki,16.98,7.77,nM,M4,Muscarinic M4
CHEMBL498494,COc1ccc2[nH]c(CN3c4ccccc4CC3CO)c(CCNC(C)=O)c2c1,Ki,17.5,7.76,nM,M4,Muscarinic M4
CHEMBL136895,CCCNC(=O)N[C@H]1CCN(c2cccc3c2CCO3)C1,Ki,17.7,7.75,nM,M4,Muscarinic M4
CHEMBL7700,CCCC(=O)Nc1ccc(Oc2cccc3c2CCO3)cc1,Ki,18.0,7.75,nM,M4,Muscarinic M4
CHEMBL274896,CCOc1ccc2c(c1)c(CCNC(C)=O)c1n2Cc2ccccc2-1,Ki,18.2,7.74,nM,M4,Muscarinic M4
CHEMBL3648364,CC(=O)NCC[C@H]1CCc2ccc3nc(C)sc3c21,IC50,19.0,7.72,nM,M4,Muscarinic M4
CHEMBL5555481,CNC(=O)NCC(C)c1c2n(c3ccc(OC)cc13)CCc1ccccc1-2,Ki,19.0,7.72,nM,M4,Muscarinic M4
CHEMBL52559,COc1ccc2[nH]c(I)c(CCNC(C)=O)c2c1[N+](=O)[O-],Ki,19.2,7.72,nM,M4,Muscarinic M4
CHEMBL4061905,COc1ccc2cccc(CCC(=O)NCCF)c2n1,Ki,19.0,7.72,nM,M4,Muscarinic M4
CHEMBL2314250,CC(=O)N[C@@H]1C[C@H]1c1cccc2ccccc12,Ki,19.0,7.72,nM,M4,Muscarinic M4
CHEMBL365852,CC(=O)NCCCc1cccc2oc(CCCCc3ccccc3)cc12,Ki,19.0,7.72,nM,M4,Muscarinic M4
CHEMBL392422,CCCC(=O)NCCc1cn(C)c2c(C)cc(OC)cc12,Ki,19.5,7.71,nM,M4,Muscarinic M4
CHEMBL137949,CCCNC(=O)NCCc1c[nH]c2ccc(OC)cc12,IC50,19.95,7.7,nM,M4,Muscarinic M4
CHEMBL1813322,CC(=O)NCCN(C)c1cccc(OCCCCCCCCOc2cccc(N(C)CCNC(C)=O)c2)c1,Ki,19.95,7.7,nM,M4,Muscarinic M4
CHEMBL226162,COc1ccc2[nH]c(C(=O)OCCCCCOC(=O)c3[nH]c4ccc(OC)cc4c3CCNC(C)=O)c(CCNC(C)=O)c2c1,Ki,20.1,7.7,nM,M4,Muscarinic M4
CHEMBL1802021,CC(=O)NCCn1c(-c2ccccc2)nc2ccc3c(c21)CCO3,Ki,20.0,7.7,nM,M4,Muscarinic M4
CHEMBL4064626,CCN1CC(CNC(C)=O)Cc2ccccc21,Ki,20.0,7.7,nM,M4,Muscarinic M4
CHEMBL345029,COc1ccc2occ(CCNC(=O)CBr)c2c1,IC50,19.95,7.7,nM,M4,Muscarinic M4
CHEMBL138496,CCCC(=O)NCC1=Cc2cc(OC)ccc2OC1,IC50,19.95,7.7,nM,M4,Muscarinic M4
CHEMBL3759816,COc1ccc2ccc3occ(CNC(=O)C4CC4)c3c2c1,Ki,20.0,7.7,nM,M4,Muscarinic M4
CHEMBL138924,CCCCCCOc1ccc2cccc(CCNC(C)=O)c2c1,IC50,19.95,7.7,nM,M4,Muscarinic M4
CHEMBL138808,COc1ccc2cccc(CCCC(N)=O)c2c1,IC50,19.95,7.7,nM,M4,Muscarinic M4
CHEMBL1813174,CC(=O)NCCN(C)c1cccc(OCCCOc2cccc(N(C)CCNC(C)=O)c2)c1,Ki,20.42,7.69,nM,M4,Muscarinic M4
CHEMBL183962,CCNC(=O)NCCCc1cccc2oc(CCCCc3ccccc3)cc12,Ki,21.0,7.68,nM,M4,Muscarinic M4
CHEMBL136894,O=C(NC1CC1)N[C@H]1CCN(c2cccc3c2CCO3)C1,Ki,21.0,7.68,nM,M4,Muscarinic M4
CHEMBL329086,C=CCC(=O)NCCc1c(Cc2cccc(OC)c2)oc2ccc(OC)cc12,Ki,21.6,7.67,nM,M4,Muscarinic M4
CHEMBL4211530,CC(=O)NCCN(C)c1cccc(OCCCCCCNC(=O)Oc2cccc(-c3ccccc3)c2)c1,Ki,21.38,7.67,nM,M4,Muscarinic M4
CHEMBL1779807,O=C(CBr)NCCc1c(Sc2ccc(F)cc2)sc2ccc(F)cc12,Ki,22.1,7.66,nM,M4,Muscarinic M4
CHEMBL4790145,COc1ccc2nc(C3CC3)nc(CCNC(C)=O)c2c1,Ki,22.1,7.66,nM,M4,Muscarinic M4
CHEMBL188016,CC(=O)N[C@H]1CCN(c2cccc3oc(CCCCc4ccccc4)cc23)C1,Ki,22.0,7.66,nM,M4,Muscarinic M4
CHEMBL3612609,CCNC(=S)NCC1CCc2ccccc2N1C,Ki,22.0,7.66,nM,M4,Muscarinic M4
CHEMBL4064813,CCC(=O)NC1Cc2ccccc2N(c2ccccc2)C1,Ki,22.0,7.66,nM,M4,Muscarinic M4
CHEMBL2326201,CCC(=O)NCCCc1cc(OC)ccc1CCc1cccc(OC)c1,Ki,22.2,7.65,nM,M4,Muscarinic M4
CHEMBL445840,O=C(NCCCc1cccc2nc(-c3ccccc3)oc12)C1CC1,Ki,23.0,7.64,nM,M4,Muscarinic M4
CHEMBL184562,CC(C)C(=O)NC[C@@H]1CC1c1cccc2oc(CCCCc3ccccc3)cc12,Ki,23.0,7.64,nM,M4,Muscarinic M4
CHEMBL50398,COc1cccc(CCCNC(C)=O)c1,Ki,23.3,7.63,nM,M4,Muscarinic M4
CHEMBL3759606,COc1ccc2ccc3occ(CCNC(=O)C4CC4)c3c2c1,Ki,23.6,7.63,nM,M4,Muscarinic M4
CHEMBL3219328,C=CCC(=O)NCCc1c(CN2Cc3ccccc3C2)[nH]c2ccc(OC)cc12,Ki,23.99,7.62,nM,M4,Muscarinic M4
CHEMBL333810,CC(=O)NCCCc1cccc2nc(C)oc12,Ki,24.0,7.62,nM,M4,Muscarinic M4
CHEMBL317742,COc1ccc(Cc2oc3ccc(OC)cc3c2CCNC(C)=O)cc1,Ki,24.0,7.62,nM,M4,Muscarinic M4
CHEMBL388141,COc1ccc2[nH]c(C(=O)OCCCCCCCCCCOC(=O)c3[nH]c4ccc(OC)cc4c3CCNC(C)=O)c(CCNC(C)=O)c2c1,Ki,24.17,7.62,nM,M4,Muscarinic M4
CHEMBL491605,COC(=O)c1cccc(-c2cc(CCNC(C)=O)c3cc(OC)ccc3c2)c1,Ki,24.7,7.61,nM,M4,Muscarinic M4
CHEMBL1779803,CC(=O)NCCc1csc2ccc(F)cc12,Ki,24.6,7.61,nM,M4,Muscarinic M4
CHEMBL139021,CCCOc1ccc2scc(CCNC(C)=O)c2c1,IC50,25.12,7.6,nM,M4,Muscarinic M4
CHEMBL111667,COc1ccc2c(c1)C(CNC(C)=O)CC2,IC50,25.12,7.6,nM,M4,Muscarinic M4
CHEMBL2314254,CNC(=O)N/C=C/c1cccc2ccccc12,Ki,25.0,7.6,nM,M4,Muscarinic M4
CHEMBL140427,C=CCOc1ccc2occ(CCNC(C)=O)c2c1,IC50,25.12,7.6,nM,M4,Muscarinic M4
CHEMBL220091,COc1ccc2[nH]c(C(=O)OCCCCCCCCCCCCOC(=O)c3[nH]c4ccc(OC)cc4c3CCNC(C)=O)c(CCNC(C)=O)c2c1,Ki,25.45,7.59,nM,M4,Muscarinic M4
CHEMBL33549,COc1cccc(Cc2oc3ccc(OC)cc3c2CCNC(C)=O)c1,Ki,27.0,7.57,nM,M4,Muscarinic M4
CHEMBL4206000,CC(=O)NCCN(C)c1cccc(OCCCCCCOc2cccc(OC(=O)NC3CCCCC3)c2)c1,Ki,27.54,7.56,nM,M4,Muscarinic M4
CHEMBL4087265,CCC(=O)NCC1=C(c2ccccc2)c2ccccc2CC1,Ki,28.0,7.55,nM,M4,Muscarinic M4
CHEMBL1823017,COc1ccc2nc(-c3ccccc3)c(CCNC(C)=O)n2c1,Ki,28.0,7.55,nM,M4,Muscarinic M4
CHEMBL94745,COc1ccc2oc(Cc3cccnc3)c(CCNC(C)=O)c2c1,Ki,29.0,7.54,nM,M4,Muscarinic M4
CHEMBL4097693,COc1cnc2cccc(CCNC(=O)CF)c2c1,Ki,29.0,7.54,nM,M4,Muscarinic M4
CHEMBL7771,CCCC(=O)Nc1ccc(Sc2cccc(OC)c2)cc1,Ki,29.0,7.54,nM,M4,Muscarinic M4
CHEMBL3612471,O=C(NCC1CCc2ccccc2N1Cc1ccccc1)C1CC1,Ki,29.0,7.54,nM,M4,Muscarinic M4
CHEMBL4277390,CCNC(=S)NCC1CCc2ccc3ccc(OC)cc3c21,Ki,29.0,7.54,nM,M4,Muscarinic M4
CHEMBL4207166,CC(=O)NCCN(C)c1cccc(OCCCCCCNC(=O)Oc2cccc(-c3cccc(O)c3)c2)c1,Ki,29.51,7.53,nM,M4,Muscarinic M4
CHEMBL124488,CC(=O)NCCCc1cccc2ncoc12,Ki,30.0,7.52,nM,M4,Muscarinic M4
CHEMBL3764063,COc1ccc2oc(-c3c4ccccc4cc4ccccc34)c(CCNC(C)=O)c2n1,Ki,31.0,7.51,nM,M4,Muscarinic M4
CHEMBL7229,CCCC(=O)Nc1ccc(Nc2cccc(OC)c2)cc1,Ki,31.0,7.51,nM,M4,Muscarinic M4
CHEMBL98074,COc1ccc2oc(CCCc3ccccc3)c(CCNC(C)=O)c2c1,Ki,31.5,7.5,nM,M4,Muscarinic M4
CHEMBL4206642,CC(=O)NCCN(C)c1cccc(OCCCCCCCCNC(=O)Oc2cccc(-c3ccccc3)c2)c1,Ki,31.62,7.5,nM,M4,Muscarinic M4
CHEMBL3109563,COc1ccc2c(c1)c(CCNC(C)=O)c1n2[B-](F)(F)[N+]2=C(C)C=C(C)C2=C1,Ki,32.0,7.5,nM,M4,Muscarinic M4
CHEMBL339105,COc1ccc2[nH]c(Cc3ccccc3)c(CCNC(C)=O)c2c1,Ki,31.62,7.5,nM,M4,Muscarinic M4
CHEMBL2326203,CCC(=O)NCCCc1cc(OC)ccc1-c1cccc(OC)c1,Ki,32.7,7.49,nM,M4,Muscarinic M4
CHEMBL394406,CCCC(=O)NCCc1cn(C)c2c(Br)cc(OC)cc12,Ki,33.11,7.48,nM,M4,Muscarinic M4
CHEMBL362097,CCNC(=O)NC[C@@H]1C[C@H]1c1cccc2oc(CCCCc3ccccc3)cc12,Ki,33.0,7.48,nM,M4,Muscarinic M4
CHEMBL424693,CCC(=O)NCC1(c2cn(C)c3ccc(OC)cc23)CCC1,Ki,34.0,7.47,nM,M4,Muscarinic M4
CHEMBL7556,CCOC(=O)Nc1ccc(N(C)c2cccc(OC)c2)cc1,Ki,34.0,7.47,nM,M4,Muscarinic M4
CHEMBL331317,CC(C)c1nc2cccc(CCCNC(=O)C3CC3)c2o1,Ki,34.0,7.47,nM,M4,Muscarinic M4
CHEMBL4070527,COc1ccc2cccc(CCC(=O)NC3CC3)c2n1,Ki,34.0,7.47,nM,M4,Muscarinic M4
CHEMBL3580919,COc1ccc2[nH]cc(CCc3n[nH]c(=O)o3)c2c1,Ki,35.0,7.46,nM,M4,Muscarinic M4
CHEMBL3740052,CC(=O)NCCc1cccc2ccc(OCCCOc3ccccc3)cc12,Ki,35.0,7.46,nM,M4,Muscarinic M4
CHEMBL4210884,CC(=O)NCCN(C)c1cccc(OCCCCOc2cccc(OC(=O)NC3CCCCC3)c2)c1,Ki,34.67,7.46,nM,M4,Muscarinic M4
CHEMBL525374,COc1ccc2c(c1)CC(CO)N2Cc1[nH]c2ccc(OC)cc2c1CCNC(C)=O,Ki,34.5,7.46,nM,M4,Muscarinic M4
CHEMBL7807,CCCC(=O)Nc1ccc(N(C)c2cccc3c2CCO3)cc1,Ki,36.0,7.44,nM,M4,Muscarinic M4
CHEMBL5394712,COc1ccc2[nH]c(-c3ccc4ccccc4c3)c(CCNC(C)=O)c2c1,Ki,36.31,7.44,nM,M4,Muscarinic M4
CHEMBL3612467,CCC(=O)NCC1CCc2ccccc2N1Cc1ccccc1,Ki,37.0,7.43,nM,M4,Muscarinic M4
CHEMBL2326200,CCC(=O)NCCCc1cc(OC)ccc1C#Cc1cccc(OC)c1,Ki,38.2,7.42,nM,M4,Muscarinic M4
CHEMBL457352,CCC(=O)NCCc1c(CN2CCc3ccccc32)[nH]c2ccc(OC)cc12,Ki,38.0,7.42,nM,M4,Muscarinic M4
CHEMBL489170,COc1ccc2cc(-c3cccc(NC(C)=O)c3)cc(CCNC(C)=O)c2c1,Ki,38.4,7.42,nM,M4,Muscarinic M4
CHEMBL4218897,CC(=O)NCCN(C)c1cccc(OCCCCCCNC(=O)Oc2cccc(-c3cccc(C(N)=O)c3)c2)c1,Ki,38.9,7.41,nM,M4,Muscarinic M4
CHEMBL359561,CCNC(=O)N[C@H]1CCN(c2cccc3oc(CCCCc4ccccc4)cc23)C1,Ki,39.0,7.41,nM,M4,Muscarinic M4
CHEMBL123973,CC(C)C(=O)NCCCc1cccc2nc(C(C)C)oc12,Ki,40.0,7.4,nM,M4,Muscarinic M4
CHEMBL139627,COc1ccc2cc(C(=O)C3CC3)cc(CCNC(C)=O)c2c1,IC50,39.81,7.4,nM,M4,Muscarinic M4
CHEMBL341802,COC(=O)NCCc1cccc2ccc(OC)cc12,IC50,39.81,7.4,nM,M4,Muscarinic M4
CHEMBL127421,COc1cc2c(CCNC(C)=O)c[nH]c2cc1O,Ki,40.2,7.4,nM,M4,Muscarinic M4
CHEMBL2326202,CCC(=O)NCCCc1cc(OC)ccc1Cc1cccc(OC)c1,Ki,39.5,7.4,nM,M4,Muscarinic M4
CHEMBL138581,COc1ccc2c(c1)CC(CNC(C)=O)CO2,IC50,39.81,7.4,nM,M4,Muscarinic M4
CHEMBL337802,CCCC(=O)NCCCc1cccc2c1OC=CO2,IC50,39.81,7.4,nM,M4,Muscarinic M4
CHEMBL137969,COc1c[nH]c2ncc(CCNC(C)=O)c-2c1,Ki,40.0,7.4,nM,M4,Muscarinic M4
CHEMBL109361,COc1ccc2scc(CCNC(=O)C3CCC3)c2c1,IC50,39.81,7.4,nM,M4,Muscarinic M4
CHEMBL126005,CC(=O)NCCCc1cccc2nc(-c3ccccc3)oc12,Ki,40.0,7.4,nM,M4,Muscarinic M4
CHEMBL140433,CCC(=O)NCCc1c(Cc2ccccc2)oc2ccc(OC)cc12,IC50,39.81,7.4,nM,M4,Muscarinic M4
CHEMBL514427,COc1ccc2[nH]c(CN3CCc4cc(C)ccc43)c(CCNC(C)=O)c2c1,Ki,40.74,7.39,nM,M4,Muscarinic M4
CHEMBL457138,CCCC(=O)NCCc1c(CN2c3ccccc3CC2C)[nH]c2ccc(OC)cc12,Ki,40.74,7.39,nM,M4,Muscarinic M4
CHEMBL8169,CCCC(=O)Nc1ccc(Cc2cccc3c2CCO3)cc1,Ki,41.0,7.39,nM,M4,Muscarinic M4
CHEMBL80792,CCC(=O)NCCc1c(OCCN(C)C)ccc2ccc(OC)cc12,Ki,42.0,7.38,nM,M4,Muscarinic M4
CHEMBL244472,CCCC(=O)NCCCc1cn2c3c(cccc13)CCC2,Ki,41.69,7.38,nM,M4,Muscarinic M4
CHEMBL363441,O=C(N[C@H]1CCN(c2cccc3oc(CCCCc4ccccc4)cc23)C1)C1CC1,Ki,42.0,7.38,nM,M4,Muscarinic M4
CHEMBL1813319,CC(=O)NCCN(C)c1cccc(OCCCCOc2cccc(N(C)CCNC(C)=O)c2)c1,Ki,42.66,7.37,nM,M4,Muscarinic M4
CHEMBL3759372,CNC(=S)NCc1cc2c(ccc3ccc(OC)cc32)o1,Ki,43.0,7.37,nM,M4,Muscarinic M4
CHEMBL94919,CCCCCOc1ccc2oc(Cc3ccccc3)c(CCNC(C)=O)c2c1,Ki,42.7,7.37,nM,M4,Muscarinic M4
CHEMBL5564011,COc1cc(CC(=O)OC(C)(C)C)c(Cc2cc(OC)c(OC)cc2-c2ccccc2)cc1OC,Ki,44.0,7.36,nM,M4,Muscarinic M4
CHEMBL123899,CCCc1nc2cccc(CCCNC(=O)C3CC3)c2o1,Ki,44.0,7.36,nM,M4,Muscarinic M4
CHEMBL3612469,CC(=O)NC[C@H]1CCc2ccccc2N1Cc1ccccc1,Ki,45.0,7.35,nM,M4,Muscarinic M4
CHEMBL19653,COc1ccc2c(c1)[C@H](N1CCN(C(=O)C3CC3)CC1)CC2,IC50,44.5,7.35,nM,M4,Muscarinic M4
CHEMBL3612468,CC(=O)NCC1CCc2ccccc2N1Cc1ccccc1,Ki,45.0,7.35,nM,M4,Muscarinic M4
CHEMBL10110,COc1ccc2c(c1)c(CCNC(=O)C1CC1)c1n2Cc2ccccc2-1,Ki,46.8,7.33,nM,M4,Muscarinic M4
CHEMBL1223049,COc1cccc(O[C@H](C)CNC(C)=O)c1,Ki,48.98,7.31,nM,M4,Muscarinic M4
CHEMBL300729,COc1cc([N+](=O)[O-])c2[nH]cc(CCNC(C)=O)c2c1,Ki,49.0,7.31,nM,M4,Muscarinic M4
CHEMBL3109561,COc1ccc(C2=[N+]3C(=Cc4c(CCNC(C)=O)c5cc(OC)ccc5n4[B-]3(F)F)C=C2)cc1,Ki,49.0,7.31,nM,M4,Muscarinic M4
CHEMBL138848,CCC(=O)N[C@@H]1CCN(c2cccc3c2CCO3)C1,Ki,49.4,7.31,nM,M4,Muscarinic M4
CHEMBL478217,COc1ccc2cc(-c3cccc(N(C)C)c3)cc(CCNC(C)=O)c2c1,Ki,49.8,7.3,nM,M4,Muscarinic M4
CHEMBL395437,COc1cccc(N(CCNC(C)=O)Cc2ccccc2)c1,Ki,50.12,7.3,nM,M4,Muscarinic M4
CHEMBL125226,CCNC(=O)NCCCc1cccc2nc(C)oc12,Ki,50.0,7.3,nM,M4,Muscarinic M4
CHEMBL342649,CNC(=O)CCCCc1cccc2c1OCCO2,IC50,50.12,7.3,nM,M4,Muscarinic M4
CHEMBL99502,CCC(=O)NCCc1[nH]c2cccc(OC)c2c1Br,Ki,50.12,7.3,nM,M4,Muscarinic M4
CHEMBL138841,CCCCOc1ccc2occ(CCNC(C)=O)c2c1,IC50,50.12,7.3,nM,M4,Muscarinic M4
CHEMBL342162,CCCNC(=O)NCCc1c[nH]c2cc(F)c(OC)cc12,IC50,50.12,7.3,nM,M4,Muscarinic M4
CHEMBL343819,CCC(=O)c1cc(CCNC(C)=O)c2cc(OC)ccc2c1,IC50,50.12,7.3,nM,M4,Muscarinic M4
CHEMBL344454,CCCNC(=O)NCCc1cccc2ccc(OC)cc12,IC50,50.12,7.3,nM,M4,Muscarinic M4
CHEMBL490595,COc1ccc2cc(-c3cccc(CBr)c3)cc(CCNC(C)=O)c2c1,Ki,50.7,7.29,nM,M4,Muscarinic M4
CHEMBL124783,CCCc1nc2cccc(CCCNC(=O)CC)c2o1,Ki,51.0,7.29,nM,M4,Muscarinic M4
CHEMBL453138,COc1ccc2cc(-c3ccccc3)cc(CCNC(C)=O)c2c1,Ki,53.0,7.28,nM,M4,Muscarinic M4
CHEMBL10293,CCC(=O)NCCc1c2n(c3ccc(OC)cc13)CCCc1ccccc1-2,Ki,52.5,7.28,nM,M4,Muscarinic M4
CHEMBL1779810,C=CCC(=O)NCCc1c(Sc2ccc(F)cc2)sc2ccc(F)cc12,Ki,52.8,7.28,nM,M4,Muscarinic M4
CHEMBL96548,C=CC(=O)NCCc1c(Cc2ccccc2)oc2ccc(OC)cc12,Ki,53.7,7.27,nM,M4,Muscarinic M4
CHEMBL96916,C=CC(=O)NCCc1c(Cc2cccc(OC)c2)oc2ccc(OC)cc12,Ki,55.0,7.26,nM,M4,Muscarinic M4
CHEMBL1223124,COc1cccc(SCCNC(C)=O)c1,Ki,54.95,7.26,nM,M4,Muscarinic M4
CHEMBL5558348,COc1ccc2c(c1)c(C(C)(C)CNC(C)=O)c1n2CCc2ccccc2-1,Ki,55.0,7.26,nM,M4,Muscarinic M4
CHEMBL206790,COc1ccc2[nH]cc(C3(CNC(=O)C4CC4)CCC3)c2c1,Ki,57.8,7.24,nM,M4,Muscarinic M4
CHEMBL1779804,CC(=O)NCCc1c(Sc2ccc(F)cc2)sc2ccc(F)cc12,Ki,57.0,7.24,nM,M4,Muscarinic M4
CHEMBL1813320,CC(=O)NCCN(C)c1cccc(OCCCCCOc2cccc(N(C)CCNC(C)=O)c2)c1,Ki,57.54,7.24,nM,M4,Muscarinic M4
CHEMBL4073867,COc1ccc2ccc(CCNC(C)=O)cc2n1,Ki,58.0,7.24,nM,M4,Muscarinic M4
CHEMBL3612455,CCC(=O)NCC1CCc2c(cccc2OC)N1,Ki,57.0,7.24,nM,M4,Muscarinic M4
CHEMBL364806,CCC(=O)NCCN1c2ccccc2C=Cc2ccc(OC)cc21,Ki,57.54,7.24,nM,M4,Muscarinic M4
CHEMBL3219325,COc1ccc2[nH]c(Cn3ccc4ccccc43)c(CCNC(=O)C3CCC3)c2c1,Ki,57.54,7.24,nM,M4,Muscarinic M4
CHEMBL218225,COc1cccc(C(=CCNC(C)=O)c2cccc(OC)c2)c1,Ki,58.88,7.23,nM,M4,Muscarinic M4
CHEMBL4084568,CC(=O)NCC1Cc2ccccc2N(Cc2ccccc2)C1,Ki,59.0,7.23,nM,M4,Muscarinic M4
CHEMBL4218247,CC(=O)NCCN(C)c1cccc(OCCCCCCOc2cccc(O)c2)c1,Ki,58.88,7.23,nM,M4,Muscarinic M4
CHEMBL285718,CCC(=O)NC1Cc2ccccc2C(c2ccccc2)C1,Ki,59.0,7.23,nM,M4,Muscarinic M4
CHEMBL4094436,COc1cnc2cccc(CCNC(C)=O)c2c1,Ki,60.0,7.22,nM,M4,Muscarinic M4
CHEMBL226171,COc1ccc2[nH]c(C(=O)OCCCCCCCCCOC(=O)c3[nH]c4ccc(OC)cc4c3CCNC(C)=O)c(CCNC(C)=O)c2c1,Ki,59.8,7.22,nM,M4,Muscarinic M4
CHEMBL181457,CCNC(=O)NC[C@@H]1C[C@H]1c1c(Cl)ccc2c1C[C@@H](CCCCc1ccccc1)O2,Ki,60.0,7.22,nM,M4,Muscarinic M4
CHEMBL476341,CCCC(=O)NCCc1cc(-c2cccc(CO)c2)cc2ccc(OC)cc12,Ki,60.3,7.22,nM,M4,Muscarinic M4
CHEMBL331636,CCCc1nc2cccc(CCCNC(=O)C(C)C)c2o1,Ki,60.0,7.22,nM,M4,Muscarinic M4
CHEMBL339784,CCCC(=O)NCCCc1cccc2nc(-c3ccccc3)oc12,Ki,60.0,7.22,nM,M4,Muscarinic M4
CHEMBL7713,COc1cccc(Nc2ccc(NC(=O)C3CC3)cc2)c1,Ki,61.0,7.21,nM,M4,Muscarinic M4
CHEMBL7215,CCC(=O)Nc1ccc(Nc2cccc(OC)c2)cc1,Ki,61.0,7.21,nM,M4,Muscarinic M4
CHEMBL3219329,COc1ccc2[nH]c(CN3Cc4ccccc4C3)c(CCNC(=O)C3CC3)c2c1,Ki,61.66,7.21,nM,M4,Muscarinic M4
CHEMBL4061850,CCC(=O)NC[C@@H]1CCc2ccccc2[C@H]1c1ccccc1,Ki,62.0,7.21,nM,M4,Muscarinic M4
CHEMBL7599,CCCC(=O)Nc1ccc(Oc2cccc(OC)c2)cc1,Ki,63.0,7.2,nM,M4,Muscarinic M4
CHEMBL100104,CCC(=O)NCCc1cc2c(OC)cccc2n1-c1ccccc1,Ki,63.1,7.2,nM,M4,Muscarinic M4
CHEMBL4288690,CCCNC(=S)NCC1CCc2ccc3ccc(OC)cc3c21,Ki,63.0,7.2,nM,M4,Muscarinic M4
CHEMBL7650,CCCCC(=O)Nc1ccc(Oc2cccc(OC)c2)cc1,Ki,63.0,7.2,nM,M4,Muscarinic M4
CHEMBL342855,CCC(=O)NCCc1csc2ccc(CC)cc12,IC50,63.1,7.2,nM,M4,Muscarinic M4
CHEMBL138182,COc1ccc2ccc3c(c2c1)CC(CNC(C)=O)CO3,IC50,63.1,7.2,nM,M4,Muscarinic M4
CHEMBL96333,CCc1ccc2oc(Cc3ccccc3)c(CCNC(C)=O)c2c1,Ki,64.4,7.19,nM,M4,Muscarinic M4
CHEMBL329299,COc1ccc2oc(CC3CCCCC3)c(CCNC(C)=O)c2c1,Ki,66.4,7.18,nM,M4,Muscarinic M4
CHEMBL274438,CCCC(=O)NCCc1c2n(c3ccc(OC)cc13)CCCc1ccccc1-2,Ki,66.0,7.18,nM,M4,Muscarinic M4
CHEMBL207420,CCC(=O)NCC1(c2c[nH]c3ccc(OC)cc23)CCC1,Ki,65.7,7.18,nM,M4,Muscarinic M4
CHEMBL3763537,COc1ccc2oc(-c3cc4ccccc4c4ccccc34)c(CCNC(C)=O)c2n1,Ki,68.0,7.17,nM,M4,Muscarinic M4
CHEMBL341705,CCCC(=O)N[C@@H]1CCN(c2cccc3c2CCO3)C1,Ki,67.0,7.17,nM,M4,Muscarinic M4
CHEMBL216158,COc1ccc(Cc2ccccc2)c(CCNC(C)=O)c1,Ki,69.18,7.16,nM,M4,Muscarinic M4
CHEMBL9605,CCCC(=O)NCCc1c2n(c3ccccc13)CCc1ccccc1-2,Ki,70.8,7.15,nM,M4,Muscarinic M4
CHEMBL3109560,COc1ccc(/C=C/C2=[N+]3C(=Cc4c(CCNC(C)=O)c5cc(OC)ccc5n4[B-]3(F)F)C=C2)cc1,Ki,71.0,7.15,nM,M4,Muscarinic M4
CHEMBL1223197,CCCC(=O)NC[C@@H](C)Sc1cccc(OC)c1,Ki,70.79,7.15,nM,M4,Muscarinic M4
CHEMBL390944,CCCCCOC(=O)c1[nH]c2ccc(OC)cc2c1CCNC(C)=O,Ki,70.1,7.15,nM,M4,Muscarinic M4
CHEMBL3759859,COc1ccc2ccc3oc(CCNC(=O)C4CC4)cc3c2c1,Ki,73.0,7.14,nM,M4,Muscarinic M4
CHEMBL3763247,COc1cc2c(CCNC(C)=O)coc2cn1,Ki,73.0,7.14,nM,M4,Muscarinic M4
CHEMBL124217,CCNC(=O)NCCCc1cccc2nc(CC)oc12,Ki,75.0,7.12,nM,M4,Muscarinic M4
CHEMBL244263,CCC(=O)NCCCc1cn2c3c(cccc13)CCC2,Ki,75.86,7.12,nM,M4,Muscarinic M4
CHEMBL456646,CC(=O)NCCc1cccc2ccc([S+](C)[O-])cc12,IC50,77.6,7.11,nM,M4,Muscarinic M4
CHEMBL141507,CCCNC(=O)NCCc1coc2ccc(OC)cc12,IC50,79.43,7.1,nM,M4,Muscarinic M4
CHEMBL314947,COc1ccc2oc(Cc3cccc(C(F)(F)F)c3)c(CCNC(C)=O)c2c1,Ki,80.0,7.1,nM,M4,Muscarinic M4
CHEMBL138929,CCOc1ccc2cccc(CCNC(=O)C3CCC3)c2c1,IC50,79.43,7.1,nM,M4,Muscarinic M4
CHEMBL9815,CCCC(=O)NCCc1c2n(c3ccccc13)CCCc1ccccc1-2,Ki,79.4,7.1,nM,M4,Muscarinic M4
CHEMBL140551,COc1ccc2c(c1)c(CCN(C(C)=O)C(C)=O)cn2C(C)=O,IC50,79.43,7.1,nM,M4,Muscarinic M4
CHEMBL341989,CC(=O)NCCc1coc2ccc(OC(C)C)cc12,IC50,79.43,7.1,nM,M4,Muscarinic M4
CHEMBL1223194,CCCC(=O)NC[C@@H](C)Oc1cccc(OC)c1,Ki,81.28,7.09,nM,M4,Muscarinic M4
CHEMBL490188,COc1ccc2cc(-c3cccc(N)c3)cc(CCNC(C)=O)c2c1,Ki,82.0,7.09,nM,M4,Muscarinic M4
CHEMBL268165,COc1cccc(Nc2ccc(NC(C)=O)cc2)c1,Ki,84.0,7.08,nM,M4,Muscarinic M4
CHEMBL225301,COc1ccc2[nH]c(C(=O)OCCCCCCCCCOC(=O)c3ccccc3)c(CCNC(C)=O)c2c1,Ki,83.0,7.08,nM,M4,Muscarinic M4
CHEMBL477835,CNc1cccc(-c2cc(CCNC(C)=O)c3cc(OC)ccc3c2)c1,Ki,82.5,7.08,nM,M4,Muscarinic M4
CHEMBL4092308,CC(=O)NCC1Cc2ccccc2N(C)C1,Ki,83.0,7.08,nM,M4,Muscarinic M4
CHEMBL8094,COc1cccc(Oc2ccc(NC(C)=O)cc2)c1,Ki,84.0,7.08,nM,M4,Muscarinic M4
CHEMBL457807,COc1ccc2[nH]c(CN3CCc4cc(Br)ccc43)c(CCNC(C)=O)c2c1,Ki,85.0,7.07,nM,M4,Muscarinic M4
CHEMBL377871,CCC(=O)NCC1(c2cn(C)c3ccc(OC)cc23)CC1,Ki,86.0,7.07,nM,M4,Muscarinic M4
CHEMBL297947,CCC(=O)NCCCc1cccc(OC)c1,Ki,85.4,7.07,nM,M4,Muscarinic M4
CHEMBL96562,COc1ccc2oc(Cc3c(Cl)cccc3Cl)c(CCNC(C)=O)c2c1,Ki,84.5,7.07,nM,M4,Muscarinic M4
CHEMBL1770214,COC(=O)Nc1ccc2cccc(CCNC(C)=O)c2c1,IC50,85.4,7.07,nM,M4,Muscarinic M4
CHEMBL2314263,COc1ccc(OC)c([C@@H]2C[C@H]2NC(C)=O)c1,Ki,87.0,7.06,nM,M4,Muscarinic M4
CHEMBL123612,CC(C)C(=O)NCCCc1cccc2nc(-c3ccccc3)oc12,Ki,87.0,7.06,nM,M4,Muscarinic M4
CHEMBL329979,COc1cccc2c1cc(CCNC(C)=O)n2-c1ccccc1,Ki,87.1,7.06,nM,M4,Muscarinic M4
CHEMBL5200484,O=C(c1ccc([18F])cc1)N(Cc1ccccc1)C1CCCCC1,Ki,90.0,7.05,nM,M4,Muscarinic M4
CHEMBL8032,CCCC(=O)Nc1ccc(Oc2cccc3c2OCCO3)cc1,Ki,92.0,7.04,nM,M4,Muscarinic M4
CHEMBL7875,CCCC(=O)Nc1ccc(Cc2cccc3occc23)cc1,Ki,92.0,7.04,nM,M4,Muscarinic M4
CHEMBL1760955,COc1ccc2c(C(=O)C(F)(F)F)cn(CCNC(C)=O)c2n1,Ki,91.0,7.04,nM,M4,Muscarinic M4
CHEMBL3260983,COc1ccc2[nH]cc(C3CCCN(C(C)=O)C3)c2c1,Ki,90.4,7.04,nM,M4,Muscarinic M4
CHEMBL218065,COc1cccc(/C(=C/CNC(=O)C2CCC2)c2ccccc2)c1,Ki,93.33,7.03,nM,M4,Muscarinic M4
CHEMBL78338,CCC(=O)NCCc1c(OCC[N+](C)(C)C)ccc2ccc(OC)cc12.[I-],Ki,93.0,7.03,nM,M4,Muscarinic M4
CHEMBL7559,C/C=C/C(=O)Nc1ccc(Oc2cccc(OC)c2)cc1,Ki,98.0,7.01,nM,M4,Muscarinic M4
CHEMBL5542464,CCOC(=O)NCC(C)c1c2n(c3ccc(OC)cc13)CCc1ccccc1-2,Ki,99.0,7.0,nM,M4,Muscarinic M4
CHEMBL7673,COc1cccc(Oc2ccc(NC(=O)C3CC3)cc2)c1,Ki,99.0,7.0,nM,M4,Muscarinic M4
CHEMBL79224,CCC(=O)NCCc1c(OCCI)ccc2ccc(OC)cc12,Ki,100.0,7.0,nM,M4,Muscarinic M4
CHEMBL342949,CCS(=O)(=O)NCCc1coc2ccc(OC)cc12,IC50,100.0,7.0,nM,M4,Muscarinic M4
CHEMBL111558,COc1ccc2cccc(CCN3CCCC3=O)c2c1,IC50,100.0,7.0,nM,M4,Muscarinic M4
CHEMBL504585,COC(=O)Nc1ccc2[nH]cc(CCNC(C)=O)c2c1,IC50,100.0,7.0,nM,M4,Muscarinic M4
CHEMBL137823,CCc1ccc2scc(CCNC(=O)NC)c2c1,IC50,100.0,7.0,nM,M4,Muscarinic M4
CHEMBL394430,COc1ccc(N(CCNC(C)=O)c2cccc(OC)c2)cc1,Ki,100.0,7.0,nM,M4,Muscarinic M4
CHEMBL514415,COc1ccc2[nH]c(CN3CCc4ccccc43)c(CCNC(C)=O)c2c1,Ki,101.0,7.0,nM,M4,Muscarinic M4
CHEMBL184762,CC(C)C(=O)N[C@H]1CCN(c2cccc3oc(CCCCc4ccccc4)cc23)C1,Ki,105.0,6.98,nM,M4,Muscarinic M4
CHEMBL456505,COc1ccc2[nH]c(CN3CCc4ccc(N)cc43)c(CCNC(C)=O)c2c1,Ki,108.0,6.97,nM,M4,Muscarinic M4
CHEMBL7990,COc1cccc(N(C)c2ccc(NC(=O)C(C)C)cc2)c1,Ki,106.0,6.97,nM,M4,Muscarinic M4
CHEMBL1223051,COc1cccc(SC(C)CNC(C)=O)c1,Ki,109.65,6.96,nM,M4,Muscarinic M4
CHEMBL563847,COc1ccc2[nH]c(CN(C)c3ccc(C(F)(F)F)cc3)c(CCNC(C)=O)c2c1,Ki,109.65,6.96,nM,M4,Muscarinic M4
CHEMBL3219330,COc1ccc2[nH]c(CN3Cc4ccccc4C3)c(CCNC(=O)C3CCC3)c2c1,Ki,112.2,6.95,nM,M4,Muscarinic M4
CHEMBL362133,CC(=O)NCCN1c2ccccc2C=Cc2ccccc21,Ki,112.2,6.95,nM,M4,Muscarinic M4
CHEMBL3612458,CCNC(=O)NCC1CCc2ccccc2N1,Ki,115.0,6.94,nM,M4,Muscarinic M4
CHEMBL207676,CCCC(=O)NCC1(c2c[nH]c3ccc(OC)cc23)CCC1,Ki,116.0,6.94,nM,M4,Muscarinic M4
CHEMBL242573,O=C(NCCCc1cn2c3c(cccc13)CCC2)C1CC1,Ki,114.82,6.94,nM,M4,Muscarinic M4
CHEMBL9838,CCC(=O)NCCc1c2n(c3ccccc13)CCCc1ccccc1-2,Ki,115.0,6.94,nM,M4,Muscarinic M4
CHEMBL123690,CC(=O)NCCCc1cccc2nc(C(C)C)oc12,Ki,116.0,6.94,nM,M4,Muscarinic M4
CHEMBL19374,COc1ccc2c(c1)[C@H](N1CCN(C(=O)C(C)C)CC1)CC2,IC50,116.0,6.94,nM,M4,Muscarinic M4
CHEMBL9791,O=C(NCCc1c2n(c3ccccc13)CCCc1ccccc1-2)C1CC1,Ki,117.0,6.93,nM,M4,Muscarinic M4
CHEMBL514904,COc1ccc2[nH]c(CN3CCCC3)c(CCNC(C)=O)c2c1,Ki,121.0,6.92,nM,M4,Muscarinic M4
CHEMBL2326199,CCC(=O)NCCCc1cc(OC)ccc1OCc1cccc(OC)c1,Ki,121.0,6.92,nM,M4,Muscarinic M4
CHEMBL1223191,COc1cccc(S[C@H](C)CNC(=O)C2CC2)c1,Ki,120.23,6.92,nM,M4,Muscarinic M4
CHEMBL124445,CCCC(=O)NCCCc1cccc2nc(C(C)C)oc12,Ki,119.0,6.92,nM,M4,Muscarinic M4
CHEMBL3764421,COc1ccc2oc(-c3c(C)cccc3C)c(CCNC(C)=O)c2n1,Ki,120.0,6.92,nM,M4,Muscarinic M4
CHEMBL3612470,CC(=O)NC[C@@H]1CCc2ccccc2N1Cc1ccccc1,Ki,122.0,6.91,nM,M4,Muscarinic M4
CHEMBL4097817,COc1cnc2cccc(CCNC(=O)C3CC3)c2c1,Ki,124.0,6.91,nM,M4,Muscarinic M4
CHEMBL478218,CCOC(=O)Nc1cccc(-c2cc(CCNC(C)=O)c3cc(OC)ccc3c2)c1,Ki,124.0,6.91,nM,M4,Muscarinic M4
CHEMBL423011,CCOc1ccc2occ(CCNC(C)=O)c2c1,IC50,125.89,6.9,nM,M4,Muscarinic M4
CHEMBL344488,CC(=O)NCCCCc1cccc2c1SCCO2,IC50,125.89,6.9,nM,M4,Muscarinic M4
CHEMBL137948,CC(=O)NCCCc1cccc2c1OCCO2,IC50,125.89,6.9,nM,M4,Muscarinic M4
CHEMBL477833,COc1ccc2cc(-c3cccc(CI)c3)cc(CCNC(C)=O)c2c1,Ki,126.0,6.9,nM,M4,Muscarinic M4
CHEMBL237840,CC(=O)NCCN(c1ccccc1)c1ccccc1,Ki,125.89,6.9,nM,M4,Muscarinic M4
CHEMBL518113,CCC(=O)NCCc1cc(-c2cccc(CO)c2)cc2ccc(OC)cc12,Ki,125.0,6.9,nM,M4,Muscarinic M4
CHEMBL140826,COc1ccc2cc(C(C)=O)cc(CCNC(=O)C3CC3)c2c1,IC50,125.89,6.9,nM,M4,Muscarinic M4
CHEMBL336024,CC(C)C(=O)N[C@@H]1CCN(c2cccc3c2CCO3)C1,Ki,129.0,6.89,nM,M4,Muscarinic M4
CHEMBL237234,COc1cccc(N(CCNC(C)=O)c2ccc3ccccc3c2)c1,Ki,131.83,6.88,nM,M4,Muscarinic M4
CHEMBL457128,COc1cccc(C(CCNC(C)=O)c2ccc3ccccc3c2)c1,Ki,132.0,6.88,nM,M4,Muscarinic M4
CHEMBL3612463,CCNC(=O)NCC1CCc2c(OC)cccc2N1Cc1ccccc1,Ki,132.0,6.88,nM,M4,Muscarinic M4
CHEMBL99084,CCC(=O)NCCc1cc2c(OC)cccc2[nH]1,Ki,134.9,6.87,nM,M4,Muscarinic M4
CHEMBL491604,COc1ccc2cc(-c3cccc(C=O)c3)cc(CCNC(C)=O)c2c1,Ki,137.0,6.86,nM,M4,Muscarinic M4
CHEMBL123634,CCC(=O)NCCCc1cccc2nc(C(C)C)oc12,Ki,142.0,6.85,nM,M4,Muscarinic M4
CHEMBL34327,COc1ccc2c(c1)c(CCNC(C)=O)cn2Cc1ccccc1,Ki,141.25,6.85,nM,M4,Muscarinic M4
CHEMBL3759677,CCNC(=S)NCc1cc2c(ccc3ccc(OC)cc32)o1,Ki,140.0,6.85,nM,M4,Muscarinic M4
CHEMBL379403,COc1ccc2c(c1)c(C1(CNC(C)=O)CCCC1)cn2C,Ki,148.0,6.83,nM,M4,Muscarinic M4
CHEMBL508552,COc1ccc2[nH]c(CN3c4ccccc4CC3C)c(CCNC(C)=O)c2c1,Ki,148.0,6.83,nM,M4,Muscarinic M4
CHEMBL273897,CCC(=O)NCCc1c2n(c3ccccc13)CCc1ccccc1-2,Ki,148.0,6.83,nM,M4,Muscarinic M4
CHEMBL440144,CC(=O)NCCc1c(Cc2ccccc2)oc2ccccc12,Ki,155.0,6.81,nM,M4,Muscarinic M4
CHEMBL19339,COc1ccc2c(c1)C(N1CCN(C(=O)C3CC3)CC1)CC2,IC50,156.0,6.81,nM,M4,Muscarinic M4
CHEMBL136214,CC(=O)NCCCCc1cccc2c1OCCO2,IC50,158.49,6.8,nM,M4,Muscarinic M4
CHEMBL136815,CC(=O)NCCc1cccc2ccc(OCC(=O)O)cc12,IC50,158.49,6.8,nM,M4,Muscarinic M4
CHEMBL3759054,COc1ccc2ccc3occ(CNC(=O)C(C)C)c3c2c1,Ki,158.0,6.8,nM,M4,Muscarinic M4
CHEMBL3760044,CCNC(=O)NCCc1coc2ccc3ccc(OC)cc3c12,Ki,157.0,6.8,nM,M4,Muscarinic M4
CHEMBL444857,CC(=O)NCCCc1cccc2c1SCCO2,IC50,158.49,6.8,nM,M4,Muscarinic M4
CHEMBL18808,COc1ccc2c(c1)C(N1CCN(C(=O)C(C)C)CC1)CC2,IC50,160.0,6.8,nM,M4,Muscarinic M4
CHEMBL187160,COc1ccc2c(c1)C(CCNC(C)=O)Cc1ccccc1C2,Ki,162.18,6.79,nM,M4,Muscarinic M4
CHEMBL124782,CCCC(=O)NCCCc1cccc2nc(CCC)oc12,Ki,166.0,6.78,nM,M4,Muscarinic M4
CHEMBL3612605,CC(=O)NCC1CCc2ccccc2N1CCc1ccccc1,Ki,171.0,6.77,nM,M4,Muscarinic M4
CHEMBL382439,COc1ccc2c(c1)c(C(C)(C)CNC(=O)C1CCC1)cn2C,Ki,170.0,6.77,nM,M4,Muscarinic M4
CHEMBL3580913,COc1ccc2[nH]cc(Cc3nc(C)no3)c2c1,Ki,170.0,6.77,nM,M4,Muscarinic M4
CHEMBL10328,CCCC(=O)NCCc1c2n(c3ccccc13)Cc1ccccc1-2,Ki,174.0,6.76,nM,M4,Muscarinic M4
CHEMBL7659,COCC(=O)Nc1ccc(Oc2cccc(OC)c2)cc1,Ki,180.0,6.75,nM,M4,Muscarinic M4
CHEMBL5559081,CC(=O)NCCN(c1ccc(F)cc1)c1cccc(Br)c1,Ki,177.83,6.75,nM,M4,Muscarinic M4
CHEMBL209711,COc1ccc2c(c1)c(C1(CNC(C)=O)CC1)cn2C,Ki,176.0,6.75,nM,M4,Muscarinic M4
CHEMBL33869,COc1ccc2c(c1)c(CCNC(C)=O)cn2-c1ccccc1,Ki,181.97,6.74,nM,M4,Muscarinic M4
CHEMBL3219324,COc1ccc2[nH]c(Cn3ccc4ccccc43)c(CCNC(C)=O)c2c1,Ki,181.97,6.74,nM,M4,Muscarinic M4
CHEMBL124216,CCCc1nc2cccc(CCCNC(C)=O)c2o1,Ki,183.0,6.74,nM,M4,Muscarinic M4
CHEMBL4079214,CCC(=O)NC[C@@H](CO)c1cccc2ccc(OC)cc12,Ki,181.97,6.74,nM,M4,Muscarinic M4
CHEMBL1091561,CCOc1ccc(OC)cc1CCCNC(C)=O,Ki,183.0,6.74,nM,M4,Muscarinic M4
CHEMBL4206516,CC(=O)NCCN(C)c1cccc(OCCCCOc2cccc(O)c2)c1,Ki,186.21,6.73,nM,M4,Muscarinic M4
CHEMBL3612465,CCC(=O)NCC1CCc2cc(OC)ccc2N1Cc1ccccc1,Ki,186.0,6.73,nM,M4,Muscarinic M4
CHEMBL241928,CC(=O)NCCCc1cn2c3c(cccc13)CCC2,Ki,190.55,6.72,nM,M4,Muscarinic M4
CHEMBL505744,CNC(=O)c1ccc2occ(CCNC(C)=O)c2c1,IC50,189.0,6.72,nM,M4,Muscarinic M4
CHEMBL9765,CC(=O)NCCc1c2n(c3ccccc13)Cc1ccccc1-2,Ki,195.0,6.71,nM,M4,Muscarinic M4
CHEMBL123972,CCNC(=O)NCCCc1cccc2nc(C(C)C)oc12,Ki,194.0,6.71,nM,M4,Muscarinic M4
CHEMBL280142,CCNC(=O)N1CCN([C@@H]2CCc3ccc(OC)cc32)CC1,IC50,200.0,6.7,nM,M4,Muscarinic M4
CHEMBL136273,CC(=O)N[C@@H]1CCN(c2cccc3c2CCO3)C1,Ki,202.0,6.7,nM,M4,Muscarinic M4
CHEMBL3764879,COc1ccc2oc(-c3cccc4ccccc34)c(CCNC(C)=O)c2n1,Ki,198.0,6.7,nM,M4,Muscarinic M4
CHEMBL136816,CCCOc1ccc2cccc(CCNC(=O)C3CC3)c2c1,IC50,199.53,6.7,nM,M4,Muscarinic M4
CHEMBL14701,O=C(NCCc1c(-c2ccccc2)[nH]c2ccccc12)C1CCC1,Ki,199.53,6.7,nM,M4,Muscarinic M4
CHEMBL269175,CCC(=O)NCCc1c2n(c3ccccc13)Cc1ccccc1-2,Ki,204.0,6.69,nM,M4,Muscarinic M4
CHEMBL491403,COCc1cccc(-c2cc(CCNC(C)=O)c3cc(OC)ccc3c2)c1,Ki,204.0,6.69,nM,M4,Muscarinic M4
CHEMBL3580915,COc1ccc2[nH]cc(Cc3nnc(C)o3)c2c1,Ki,210.0,6.68,nM,M4,Muscarinic M4
CHEMBL7257,COc1ccc2[nH]cc(CCN(C)C)c2c1,Ki,210.0,6.68,nM,M4,Muscarinic M4
CHEMBL3759180,CCNC(=O)NCCc1cc2c(ccc3ccc(OC)cc32)o1,Ki,210.0,6.68,nM,M4,Muscarinic M4
CHEMBL4757920,CCC(=O)NCCc1ncnc2ccc(OC)cc12,Ki,210.0,6.68,nM,M4,Muscarinic M4
CHEMBL226163,COc1ccc2[nH]c(C(=O)OCCCCCCCOC(=O)c3[nH]c4ccc(OC)cc4c3CCNC(C)=O)c(CCNC(C)=O)c2c1,Ki,214.5,6.67,nM,M4,Muscarinic M4
CHEMBL3612466,CCC(=O)NCC1CCc2ccc(OC)cc2N1Cc1ccccc1,Ki,214.0,6.67,nM,M4,Muscarinic M4
CHEMBL209712,CCCC(=O)NCC1(c2cn(C)c3ccc(OC)cc23)CC1,Ki,212.0,6.67,nM,M4,Muscarinic M4
CHEMBL287343,CCC(=O)NCc1cc2c(OC)cccc2n1-c1ccccc1,Ki,223.87,6.65,nM,M4,Muscarinic M4
CHEMBL1779805,CCC(=O)NCCc1c(Sc2ccc(F)cc2)sc2ccc(F)cc12,Ki,226.0,6.65,nM,M4,Muscarinic M4
CHEMBL4755860,COc1ccc2ncnc(CCNC(C)=O)c2c1,Ki,230.0,6.64,nM,M4,Muscarinic M4
CHEMBL186941,COc1cc2c(cc1Br)CCN(C(C)=O)C2CC(c1ccccc1)c1ccccc1,IC50,230.0,6.64,nM,M4,Muscarinic M4
CHEMBL425644,COc1cccc(/C(=C\CNC(C)=O)c2ccccc2)c1,Ki,229.09,6.64,nM,M4,Muscarinic M4
CHEMBL445117,COc1cccc(Cc2oc3ccccc3c2CCNC(C)=O)c1,Ki,229.0,6.64,nM,M4,Muscarinic M4
CHEMBL1779809,C=CC(=O)NCCc1c(Sc2ccc(F)cc2)sc2ccc(F)cc12,Ki,236.0,6.63,nM,M4,Muscarinic M4
CHEMBL9600,CCOc1ccc2c(c1)c(CCNC(=O)C1CC1)c1n2Cc2ccccc2-1,Ki,234.0,6.63,nM,M4,Muscarinic M4
CHEMBL98028,COc1ccc2c(Br)c(CCNC(C)=O)n(Cc3ccccc3)c2c1,Ki,239.88,6.62,nM,M4,Muscarinic M4
CHEMBL273623,CC(=O)NCCc1c2n(c3ccccc13)CCCc1ccccc1-2,Ki,240.0,6.62,nM,M4,Muscarinic M4
CHEMBL363321,CC(=O)NCC1Cc2ccccc2Cc2ccccc21,Ki,239.88,6.62,nM,M4,Muscarinic M4
CHEMBL4102517,CC(=O)NCC1Cc2ccccc2N(CCc2ccccc2)C1,Ki,246.0,6.61,nM,M4,Muscarinic M4
CHEMBL3219323,COc1ccc2[nH]c(CN3CCc4ccccc4C3)c(CCNC(C)=O)c2c1,Ki,251.19,6.6,nM,M4,Muscarinic M4
CHEMBL139428,CCCNC(=O)NCCCc1cccc2ccc(OC)cc12,IC50,251.19,6.6,nM,M4,Muscarinic M4
CHEMBL269670,O=C(NCCc1c2n(c3ccccc13)CCCc1ccccc1-2)C1CCC1,Ki,251.0,6.6,nM,M4,Muscarinic M4
CHEMBL218709,COc1cccc(/C(=C\CNC(=O)C2CCC2)c2ccccc2)c1,Ki,257.04,6.59,nM,M4,Muscarinic M4
CHEMBL1092047,COc1cc(CCCNC(C)=O)ccc1O,Ki,257.0,6.59,nM,M4,Muscarinic M4
CHEMBL540182,CCCC(=O)NCCc1c2n(c3ccccc13)CCN(C)C2,Ki,257.04,6.59,nM,M4,Muscarinic M4
CHEMBL10007,CCCC(=O)NCCc1c2n(c3ccc(OCC)cc13)CCCc1ccccc1-2,Ki,257.0,6.59,nM,M4,Muscarinic M4
CHEMBL560186,COc1ccc2[nH]c(CN(C)c3ccc(Cl)cc3)c(CCNC(C)=O)c2c1,Ki,257.04,6.59,nM,M4,Muscarinic M4
CHEMBL3109562,CCC1=C(C)C2=Cc3c(CCNC(C)=O)c4cc(OC)ccc4n3[B-](F)(F)[N+]2=C1C,Ki,256.0,6.59,nM,M4,Muscarinic M4
CHEMBL1091161,CCC(=O)NCCCc1cc(OC)ccc1OCc1ccccc1,Ki,263.0,6.58,nM,M4,Muscarinic M4
CHEMBL4797226,COc1ccc2cccc(/C=C/c3n[nH]c(=O)o3)c2c1,Ki,260.0,6.58,nM,M4,Muscarinic M4
CHEMBL276005,CCOc1ccc2c(c1)c(CCNC(=O)CC)c1n2CCCc2ccccc2-1,Ki,269.0,6.57,nM,M4,Muscarinic M4
CHEMBL275529,COc1ccc2c(c1)c(CCNC(C)=O)c1n2CCCc2ccccc2-1,Ki,275.0,6.56,nM,M4,Muscarinic M4
CHEMBL476131,COc1ccc2cc(-c3cccc(CO)c3)cc(CCNC(C)=O)c2c1,Ki,275.0,6.56,nM,M4,Muscarinic M4
CHEMBL98956,CCC(=O)NCc1[nH]c2cc(OC)ccc2c1Br,Ki,275.42,6.56,nM,M4,Muscarinic M4
CHEMBL273624,CC(=O)NCCc1c2n(c3ccc(Cl)cc13)Cc1ccccc1-2,Ki,282.0,6.55,nM,M4,Muscarinic M4
CHEMBL3580911,COc1ccc2[nH]cc(Cc3ncc(C)o3)c2c1,Ki,280.0,6.55,nM,M4,Muscarinic M4
CHEMBL3219326,COc1ccc2[nH]c(CN3Cc4ccccc4C3)c(CCNC(C)=O)c2c1,Ki,281.84,6.55,nM,M4,Muscarinic M4
CHEMBL1813327,COc1cccc(N(CCNC(C)=O)C(=O)CCCCC(=O)N(CCNC(C)=O)c2cccc(OC)c2)c1,Ki,288.4,6.54,nM,M4,Muscarinic M4
CHEMBL96778,CCc1ccc2oc(Cc3cccc(OC)c3)c(CCNC(C)=O)c2c1,Ki,288.0,6.54,nM,M4,Muscarinic M4
CHEMBL274630,CC(=O)NCCc1c2n(c3ccc(Cl)cc13)CCCc1ccccc1-2,Ki,288.0,6.54,nM,M4,Muscarinic M4
CHEMBL476132,COc1ccc2cc(-c3ccc(CO)cc3)cc(CCNC(C)=O)c2c1,Ki,297.0,6.53,nM,M4,Muscarinic M4
CHEMBL513933,COc1ccc2[nH]c(CN3CCc4ccc([N+](=O)[O-])cc43)c(CCNC(C)=O)c2c1,Ki,302.0,6.52,nM,M4,Muscarinic M4
CHEMBL266970,CCC(=O)Nc1ccc(Oc2cccc(OC)c2)cc1,Ki,300.0,6.52,nM,M4,Muscarinic M4
CHEMBL382555,CCC(=O)NCC1(c2cn(C)c3ccc(OC)cc23)CCCC1,Ki,302.0,6.52,nM,M4,Muscarinic M4
CHEMBL514413,COc1ccc2c(c1)c(CCNC(C)=O)c1n2CC2Cc3ccccc3N2C1,Ki,302.0,6.52,nM,M4,Muscarinic M4
CHEMBL3612460,CCNC(=S)NCC1CCc2ccccc2N1,Ki,305.0,6.52,nM,M4,Muscarinic M4
CHEMBL99001,CCC(=O)NCCCc1cc2c(OC)cccc2n1-c1ccccc1,Ki,309.03,6.51,nM,M4,Muscarinic M4
CHEMBL457763,CC(=O)NCCc1cccc2ccc(S(N)(=O)=O)cc12,IC50,310.0,6.51,nM,M4,Muscarinic M4
CHEMBL382579,COc1ccc2c(c1)c(C1(CNC(=O)C3CC3)CCC1)cn2C,Ki,307.0,6.51,nM,M4,Muscarinic M4
CHEMBL4096197,COc1cnc2cccc(CCNC(N)=O)c2c1,Ki,315.0,6.5,nM,M4,Muscarinic M4
CHEMBL4748822,CCCC(=O)NCCc1ncnc2ccc(OC)cc12,Ki,320.0,6.5,nM,M4,Muscarinic M4
CHEMBL140244,CC(=O)NCCc1cccc2ccc(OC3CCCCC3)cc12,IC50,316.23,6.5,nM,M4,Muscarinic M4
CHEMBL139510,CNC(=O)NCCc1cccc2ccccc12,IC50,316.23,6.5,nM,M4,Muscarinic M4
CHEMBL3612610,CCC(=O)NCCC1CCc2ccccc2N1Cc1ccccc1,Ki,326.0,6.49,nM,M4,Muscarinic M4
CHEMBL238049,COc1cccc(N(CCNC(=O)C2CCC2)c2ccccc2)c1,Ki,323.59,6.49,nM,M4,Muscarinic M4
CHEMBL318871,COc1cccc2c1cc(CCNC(=O)C1CC1)n2-c1ccccc1,Ki,331.13,6.48,nM,M4,Muscarinic M4
CHEMBL127576,CCNC(=O)NCCCc1cccc2nc(-c3ccccc3)oc12,Ki,340.0,6.47,nM,M4,Muscarinic M4
CHEMBL4066279,COc1ccc2cccc([C@H](CO)CNC(=O)CF)c2c1,Ki,346.74,6.46,nM,M4,Muscarinic M4
CHEMBL1223278,COc1cccc(OC[C@H](C)NC(C)=O)c1,Ki,346.74,6.46,nM,M4,Muscarinic M4
CHEMBL1223276,COc1cccc(OCC(C)NC(C)=O)c1,Ki,354.81,6.45,nM,M4,Muscarinic M4
CHEMBL218774,CCC(=O)NCCC(c1ccccc1)c1cccc(OC)c1,Ki,363.08,6.44,nM,M4,Muscarinic M4
CHEMBL242786,O=C(NCCCc1cn2c3c(cccc13)CCC2)C1CCC1,Ki,371.54,6.43,nM,M4,Muscarinic M4
CHEMBL4175759,O=c1ccc2ccc(O/C=C/c3ccccc3)cc2o1,Ki,370.0,6.43,nM,M4,Muscarinic M4
CHEMBL1092062,COc1ccc(O)c(CCCNC(C)=O)c1,Ki,379.0,6.42,nM,M4,Muscarinic M4
CHEMBL1813326,COc1cccc(N(CCCCCCCCCCN(CCNC(C)=O)c2cccc(OC)c2)CCNC(C)=O)c1,Ki,380.19,6.42,nM,M4,Muscarinic M4
CHEMBL215252,CCC(=O)NCCc1cccc(Cc2ccccc2)c1,Ki,389.05,6.41,nM,M4,Muscarinic M4
CHEMBL9634,CC(=O)NCCc1c2n(c3ccccc13)CCc1ccccc1-2,Ki,389.0,6.41,nM,M4,Muscarinic M4
CHEMBL388591,COc1ccc2[nH]cc(CCNC(=O)CCCCCCCCC(=O)NCCc3c[nH]c4ccc(OC)cc34)c2c1,Ki,387.0,6.41,nM,M4,Muscarinic M4
CHEMBL364835,CC(=O)NCCC1Cc2ccccc2Cc2ccccc21,Ki,389.05,6.41,nM,M4,Muscarinic M4
CHEMBL1091894,CCCOc1ccc(OC)cc1CCCNC(C)=O,Ki,400.0,6.4,nM,M4,Muscarinic M4
CHEMBL34728,CCC(=O)NCc1cc2c(OC)cccc2[nH]1,Ki,407.38,6.39,nM,M4,Muscarinic M4
CHEMBL4073210,CC(=O)NCC1CNc2ccccc2C1,Ki,430.0,6.37,nM,M4,Muscarinic M4
CHEMBL276490,COc1ccc2c(c1)c(CCNC(=O)C1CCC1)c1n2CCc2ccccc2-1,Ki,437.0,6.36,nM,M4,Muscarinic M4
CHEMBL1092646,COc1cccc(COc2ccc(OC)cc2CCCNC(C)=O)c1,Ki,441.0,6.36,nM,M4,Muscarinic M4
CHEMBL4209446,CC(=O)NCCN(C)c1cccc(OCCCCCCN)c1,Ki,446.68,6.35,nM,M4,Muscarinic M4
CHEMBL145781,O=c1ccc2ccc(OCc3ccccc3)cc2o1,Ki,445.0,6.35,nM,M4,Muscarinic M4
CHEMBL206471,COc1ccc2c(c1)c(C1(CNC(=O)C3CC3)CCCC1)cn2C,Ki,468.0,6.33,nM,M4,Muscarinic M4
CHEMBL379413,COc1ccc2c(c1)c(C1(CNC(C)=O)CCC1)cn2C,Ki,483.0,6.32,nM,M4,Muscarinic M4
CHEMBL1223281,COc1cccc(SC[C@H](C)NC(C)=O)c1,Ki,478.63,6.32,nM,M4,Muscarinic M4
CHEMBL207959,COc1ccc2c(c1)c(C1(CNC(=O)C3CCC3)CCCC1)cn2C,Ki,479.0,6.32,nM,M4,Muscarinic M4
CHEMBL3612457,CCNC(=O)NCC1CCc2c(cccc2OC)N1,Ki,480.0,6.32,nM,M4,Muscarinic M4
CHEMBL458209,CC(=O)NCCc1cccc2ccc(S(C)(=O)=O)cc12,IC50,477.0,6.32,nM,M4,Muscarinic M4
CHEMBL327864,COc1ccc2oc(Cc3cc(C(F)(F)F)cc(C(F)(F)F)c3)c(CCNC(C)=O)c2c1,Ki,476.0,6.32,nM,M4,Muscarinic M4
CHEMBL127565,CCCc1nc2cccc(CCCNC(=O)NCC)c2o1,Ki,492.0,6.31,nM,M4,Muscarinic M4
CHEMBL377809,COc1ccc2[nH]cc(C3(CNC(=O)C4CCC4)CCC3)c2c1,Ki,493.0,6.31,nM,M4,Muscarinic M4
CHEMBL123119,CCCCC(=O)n1c(OC)cc2c1=C(CN)C1CCCCC(C)C1C=2,Ki,489.78,6.31,nM,M4,Muscarinic M4
CHEMBL140896,COc1cnc2c(c1)c(CCNC(C)=O)cn2C,IC50,501.19,6.3,nM,M4,Muscarinic M4
CHEMBL138475,CCCCC(=O)NCCc1csc2ccc(OC)cc12,IC50,501.19,6.3,nM,M4,Muscarinic M4
CHEMBL138675,NC(=O)NCCc1cccc2ccccc12,IC50,501.19,6.3,nM,M4,Muscarinic M4
CHEMBL141796,CC(=O)NCCc1cccc2c1OCCO2,IC50,501.19,6.3,nM,M4,Muscarinic M4
CHEMBL10124,COc1ccc2c(c1)c(CCNC(=O)C1CC1)c1n2CCCc2ccccc2-1,Ki,501.0,6.3,nM,M4,Muscarinic M4
CHEMBL4747996,COc1cccc(-c2nc(CCNC(C)=O)c3cc(OC)ccc3n2)c1,Ki,500.0,6.3,nM,M4,Muscarinic M4
CHEMBL138938,O=C(NCCc1csc2ccccc12)C1CCC1,IC50,501.19,6.3,nM,M4,Muscarinic M4
CHEMBL3329376,O=C(CN1CCCC2Cc3cc4c(cc3C21)OCO4)Nc1ccccc1,Ki,500.0,6.3,nM,M4,Muscarinic M4
CHEMBL5409564,COc1ccc2[nH]c(C(O)c3ccc(Cl)cc3)c(CCNC(C)=O)c2c1,Ki,512.86,6.29,nM,M4,Muscarinic M4
CHEMBL219076,CC(=O)NCC=C(c1ccccc1)c1ccccc1,Ki,512.86,6.29,nM,M4,Muscarinic M4
CHEMBL274995,CCOc1ccc2c(c1)c(CCNC(C)=O)c1n2CCCc2ccccc2-1,Ki,513.0,6.29,nM,M4,Muscarinic M4
CHEMBL186452,COc1ccc2c(c1)C(CC(c1ccccc1)c1ccccc1)N(C(C)=O)CC2,IC50,512.0,6.29,nM,M4,Muscarinic M4
CHEMBL1760950,COc1ccc2c(CN3CCCCC3)cn(CCNC(C)=O)c2n1,Ki,510.0,6.29,nM,M4,Muscarinic M4
CHEMBL220136,CCC(=O)NCC(Cc1ccccc1)c1cccc(OC)c1,Ki,524.81,6.28,nM,M4,Muscarinic M4
CHEMBL34729,COc1cccc2[nH]c(CNC(=O)C3CCC3)cc12,Ki,524.81,6.28,nM,M4,Muscarinic M4
CHEMBL360600,CCC(=O)NCCN1c2ccccc2CCc2ccccc21,Ki,549.54,6.26,nM,M4,Muscarinic M4
CHEMBL4794879,CNc1nnc(CCc2c[nH]c3ccc(OC)cc23)o1,Ki,550.0,6.26,nM,M4,Muscarinic M4
CHEMBL365249,CC(=O)NCC1=Cc2ccccc2Cc2ccccc21,Ki,549.54,6.26,nM,M4,Muscarinic M4
CHEMBL4793947,COc1ccc2[nH]cc(CCc3nn(CC4CCC4)c(=O)o3)c2c1,Ki,550.0,6.26,nM,M4,Muscarinic M4
CHEMBL4776540,COc1ccc2ncnc(CCNC(=O)C3CC3)c2c1,Ki,549.0,6.26,nM,M4,Muscarinic M4
CHEMBL374075,CCCC(=O)NCCC(c1ccccc1)c1cccc(OC)c1,Ki,549.54,6.26,nM,M4,Muscarinic M4
CHEMBL91813,CC(=O)NCCc1c(Cc2ccccc2)oc2ccc(O)cc12,Ki,569.0,6.25,nM,M4,Muscarinic M4
CHEMBL4068922,CCNC(=O)NCCc1cccc2ncc(OC)cc12,Ki,575.0,6.24,nM,M4,Muscarinic M4
CHEMBL3580917,COc1ccc2[nH]cc(CCc3nnco3)c2c1,Ki,570.0,6.24,nM,M4,Muscarinic M4
CHEMBL206419,CCCC(=O)NCC1(c2cn(C)c3ccc(OC)cc23)CCCC1,Ki,589.0,6.23,nM,M4,Muscarinic M4
CHEMBL364816,COc1cc2c(cc1OC)C(CC(c1ccccc1)c1ccccc1)N(C=O)CC2,IC50,621.0,6.21,nM,M4,Muscarinic M4
CHEMBL208802,Cn1cc(C2(CNC(=O)C3CC3)CCC2)c2cc(O)ccc21,Ki,617.0,6.21,nM,M4,Muscarinic M4
CHEMBL233517,CCC(=O)NCCc1c[nH]c2c(-c3ccccc3)cc(OC)cc12,Ki,616.6,6.21,nM,M4,Muscarinic M4
CHEMBL141208,CC(=O)NCCCOc1cccc2c1OCCO2,IC50,630.96,6.2,nM,M4,Muscarinic M4
CHEMBL3612602,O=C(NCC1CCc2ccccc2N1Cc1ccccc1)C1CCC1,Ki,633.0,6.2,nM,M4,Muscarinic M4
CHEMBL337767,COc1ccc2[nH]cc(CCNC(=O)NCCc3c[nH]c4ccc(OC)cc34)c2c1,IC50,630.96,6.2,nM,M4,Muscarinic M4
CHEMBL140611,CCCCC(=O)NCCc1csc2ccc(CC)cc12,IC50,630.96,6.2,nM,M4,Muscarinic M4
CHEMBL418789,COc1cccc2[nH]c(CCNC(C)=O)cc12,Ki,630.96,6.2,nM,M4,Muscarinic M4
CHEMBL33346,CCC(=O)NCc1cc2c(OC)cccc2n1Cc1ccccc1,Ki,630.96,6.2,nM,M4,Muscarinic M4
CHEMBL5563621,COc1cc(F)c(Cc2cc(OC)c(OC)cc2CC(=O)OC(C)(C)C)cc1OC,Ki,630.0,6.2,nM,M4,Muscarinic M4
CHEMBL3329390,CCNC(=O)N1CCCC2Cc3cc(Cl)c(OC)cc3C21,Ki,670.0,6.17,nM,M4,Muscarinic M4
CHEMBL433573,COC(=O)N1CCc2cc(OC)c(OC)cc2C1CC(c1ccccc1)c1ccccc1,IC50,673.0,6.17,nM,M4,Muscarinic M4
CHEMBL4787877,COc1ccc2[nH]cc(CCc3nn(CCCc4ccccc4)c(=O)o3)c2c1,Ki,690.0,6.16,nM,M4,Muscarinic M4
CHEMBL4105511,CCNC(=S)NCCc1cccc2ncc(OC)cc12,Ki,690.0,6.16,nM,M4,Muscarinic M4
CHEMBL219127,COc1cccc(C(CNC(C)=O)Cc2ccccc2)c1,Ki,691.83,6.16,nM,M4,Muscarinic M4
CHEMBL96173,COc1ccc2oc(Cc3ccccc3)c(CCNC(=O)c3ccco3)c2c1,Ki,698.0,6.16,nM,M4,Muscarinic M4
CHEMBL99987,COc1cccc2c1cc(CCNC(=O)C1CCC1)n2-c1ccccc1,Ki,691.83,6.16,nM,M4,Muscarinic M4
CHEMBL376693,CC(=O)NCC(Cc1ccccc1)c1ccccc1,Ki,707.95,6.15,nM,M4,Muscarinic M4
CHEMBL3580916,COc1ccc2[nH]cc(CCc3nnc(C)o3)c2c1,Ki,709.0,6.15,nM,M4,Muscarinic M4
CHEMBL382050,COc1ccc2c(c1)c(C1(CNC(=O)C3CCC3)CCC1)cn2C,Ki,714.0,6.15,nM,M4,Muscarinic M4
CHEMBL379096,CCCC(=O)NCC1(c2cn(C)c3ccc(O)cc23)CCC1,Ki,724.0,6.14,nM,M4,Muscarinic M4
CHEMBL1813325,COc1cccc(N(CCCCCCN(CCNC(C)=O)c2cccc(OC)c2)CCNC(C)=O)c1,Ki,741.31,6.13,nM,M4,Muscarinic M4
CHEMBL9917,COc1ccc2c(c1)c(CCNC(=O)C1CCC1)c1n2CCCc2ccccc2-1,Ki,759.0,6.12,nM,M4,Muscarinic M4
CHEMBL394676,COc1ccc(N(CCNC(C)=O)c2ccccc2)cc1,Ki,776.25,6.11,nM,M4,Muscarinic M4
CHEMBL10043,O=C(NCCc1c2n(c3ccccc13)Cc1ccccc1-2)C1CC1,Ki,776.0,6.11,nM,M4,Muscarinic M4
CHEMBL2022666,COc1cc(/C=C/C=O)ccc1OCC=C(C)C,Ki,786.0,6.11,nM,M4,Muscarinic M4
CHEMBL514280,COc1ccc2c(c1)[C@@H](CCNC(=O)C1CCC1)C[C@@H](c1ccccc1)C2,Ki,797.0,6.1,nM,M4,Muscarinic M4
CHEMBL139744,CCCNC(=O)NCCc1csc2ccc(CC)cc12,IC50,794.33,6.1,nM,M4,Muscarinic M4
CHEMBL344242,COc1ccc2c(c1)OC(CCNC(C)=O)CO2,IC50,794.33,6.1,nM,M4,Muscarinic M4
CHEMBL99002,CCC(=O)NCCc1cc2c(OC)cccc2n1Cc1ccccc1,Ki,831.76,6.08,nM,M4,Muscarinic M4
CHEMBL1327247,CCCCC(=O)NCCc1c(Cc2ccccc2)[nH]c2ccccc12,Ki,831.76,6.08,nM,M4,Muscarinic M4
CHEMBL1091160,COc1ccc(OCc2ccccc2)c(CCCNC(C)=O)c1,Ki,879.0,6.06,nM,M4,Muscarinic M4
CHEMBL5421393,COC(=O)NCCc1c(C(O)c2ccccc2)[nH]c2ccc(OC)cc12,Ki,891.25,6.05,nM,M4,Muscarinic M4
CHEMBL4105125,CCC(=O)NC1Cc2ccccc2N(Cc2ccccc2)C1,Ki,892.0,6.05,nM,M4,Muscarinic M4
CHEMBL4739898,COc1ccc2nc(-c3ccccc3)nc(CCNC(C)=O)c2c1,Ki,896.0,6.05,nM,M4,Muscarinic M4
CHEMBL2268532,CCC#CCOc1ccc2ccc(=O)oc2c1,Ki,888.0,6.05,nM,M4,Muscarinic M4
CHEMBL1779806,O=C(NCCc1c(Sc2ccc(F)cc2)sc2ccc(F)cc12)C1CCC1,Ki,915.0,6.04,nM,M4,Muscarinic M4
CHEMBL426168,O=C(NCC=C(c1ccccc1)c1ccccc1)C1CCC1,Ki,912.01,6.04,nM,M4,Muscarinic M4
CHEMBL394408,CCCC(=O)NCCc1c[nH]c2c(-c3ccccc3)cc(OC)cc12,Ki,954.99,6.02,nM,M4,Muscarinic M4
CHEMBL561928,CCN(C)Cc1[nH]c2ccc(OC)cc2c1CCNC(C)=O,Ki,1000.0,6.0,nM,M4,Muscarinic M4
CHEMBL138387,COc1ccc2c(c1)CC(CCNC(C)=O)CO2,IC50,1000.0,6.0,nM,M4,Muscarinic M4
CHEMBL342207,COc1ccc2cccc(CCC(N)=O)c2c1,IC50,1000.0,6.0,nM,M4,Muscarinic M4
CHEMBL455909,CC(=O)NCCc1c2n(c3ccccc13)CC1Cc3ccccc3N1C2,Ki,1000.0,6.0,nM,M4,Muscarinic M4
CHEMBL422636,CC(=O)NCCC1=COc2ccccc2O1,IC50,1000.0,6.0,nM,M4,Muscarinic M4
CHEMBL300195,COc1ccc2[nH]cc(CCNC(C)=O)c2c1[N+](=O)[O-],Ki,1060.0,5.97,nM,M4,Muscarinic M4
CHEMBL1823016,CNC(=O)CCc1c(-c2ccccc2)nc2ccc(OC)cn12,Ki,1100.0,5.96,nM,M4,Muscarinic M4
CHEMBL4764211,CCCC(=O)NCCc1nncc2ccc(OC)cc12,Ki,1140.0,5.94,nM,M4,Muscarinic M4
CHEMBL1088825,CCCC(=O)NCCCc1cc(OC)ccc1OCc1ccccc1,Ki,1172.0,5.93,nM,M4,Muscarinic M4
CHEMBL5568537,COc1cc(Br)c(Cc2cc(OC)c(OC)cc2CC(=O)OC(C)(C)C)cc1OC,Ki,1202.0,5.92,nM,M4,Muscarinic M4
CHEMBL218808,CC(=O)NC/C(=C\c1ccccc1)c1ccccc1,Ki,1202.26,5.92,nM,M4,Muscarinic M4
CHEMBL1760952,COc1ccc2c(CN3CCN(c4cccc(Cl)c4)CC3)cn(CCNC(C)=O)c2n1,Ki,1210.0,5.92,nM,M4,Muscarinic M4
CHEMBL9934,O=C(NCCc1c2n(c3ccccc13)Cc1ccccc1-2)C1CCC1,Ki,1200.0,5.92,nM,M4,Muscarinic M4
CHEMBL99534,COc1cccc2[nH]c(CNC(C)=O)cc12,Ki,1230.27,5.91,nM,M4,Muscarinic M4
CHEMBL522674,CNC(=O)c1ccc2occ(CCNC(=O)C3CC3)c2c1,IC50,1220.0,5.91,nM,M4,Muscarinic M4
CHEMBL233740,COc1cc(-c2ccccc2)c2c(c1)c(CCNC(C)=O)cn2C,Ki,1258.93,5.9,nM,M4,Muscarinic M4
CHEMBL5427649,COc1ccc2[nH]c(C(O)c3ccccc3)c(CCNC(C)=O)c2c1,Ki,1258.93,5.9,nM,M4,Muscarinic M4
CHEMBL136346,CNC(=O)c1cccc2ccc(OC)cc12,IC50,1258.93,5.9,nM,M4,Muscarinic M4
CHEMBL33185,CCC(=O)NCc1cc2c(OC)cccc2n1Cc1ccc(Cl)cc1,Ki,1288.25,5.89,nM,M4,Muscarinic M4
CHEMBL97885,CCC(=O)NCc1cc2ccc(OC)cc2n1Cc1ccccc1,Ki,1288.25,5.89,nM,M4,Muscarinic M4
CHEMBL5517935,COc1ccc(Cc2cc(OC)c(OC)cc2CC(=O)OC(C)(C)C)cc1OC,Ki,1300.0,5.89,nM,M4,Muscarinic M4
CHEMBL538129,COc1ccc2[nH]c(CN(C)Cc3ccccc3)c(CCNC(C)=O)c2c1,Ki,1288.25,5.89,nM,M4,Muscarinic M4
CHEMBL235334,COc1cccc(N(CCN(C)C(C)=O)c2ccccc2)c1,Ki,1288.25,5.89,nM,M4,Muscarinic M4
CHEMBL1092400,COc1ccc(OC)c(CCCNC(C)=O)c1,Ki,1280.0,5.89,nM,M4,Muscarinic M4
CHEMBL1222985,CC(=O)NCC(C)Oc1ccccc1,Ki,1380.38,5.86,nM,M4,Muscarinic M4
CHEMBL477834,COc1ccc2cc(-c3cccc(CN)c3)cc(CCNC(C)=O)c2c1,Ki,1390.0,5.86,nM,M4,Muscarinic M4
CHEMBL445427,COc1ccc2[nH]c(CN3CCc4ccccc43)c(CCNC(=O)C3CCC3)c2c1,Ki,1400.0,5.85,nM,M4,Muscarinic M4
CHEMBL1093457,COc1cccc(COc2ccc(CCCNC(C)=O)cc2OC)c1,Ki,1460.0,5.84,nM,M4,Muscarinic M4
CHEMBL4745789,CCC(=O)NCCc1nncc2ccc(OC)cc12,Ki,1470.0,5.83,nM,M4,Muscarinic M4
CHEMBL478438,COc1ccc2cc(-c3cccc(CO)c3)cc(CCNC(=O)C3CCC3)c2c1,Ki,1510.0,5.82,nM,M4,Muscarinic M4
CHEMBL426861,CCC(=O)NCC1(c2cn(C)c3ccc(O)cc23)CCC1,Ki,1514.0,5.82,nM,M4,Muscarinic M4
CHEMBL435032,CCCc1ccc2occ(CCNC(C)=O)c2c1,IC50,1584.89,5.8,nM,M4,Muscarinic M4
CHEMBL344632,COc1ccc2cccc(C3CNC(=O)C3)c2c1,IC50,1584.89,5.8,nM,M4,Muscarinic M4
CHEMBL138774,CC(=O)NCCCCOc1cccc2c1OCCO2,IC50,1584.89,5.8,nM,M4,Muscarinic M4
CHEMBL342836,CC(=O)NCCc1coc2cnccc12,IC50,1584.89,5.8,nM,M4,Muscarinic M4
CHEMBL141785,CC(=O)NCCc1coc2ccc(OCC(=O)O)cc12,IC50,1584.89,5.8,nM,M4,Muscarinic M4
CHEMBL115444,O=C(OCc1cc2c(cc1Cl)OCO2)N1CCC(n2c(O)nc3ccccc32)CC1,IC50,1740.0,5.76,nM,M4,Muscarinic M4
CHEMBL5561208,COc1cc(I)c(Cc2cc(OC)c(OC)cc2CC(=O)OC(C)(C)C)cc1OC,Ki,1779.0,5.75,nM,M4,Muscarinic M4
CHEMBL515696,COc1ccc2c(c1)CC1Cn3c(c(CCNC(C)=O)c4cc(OC)ccc43)CN21,Ki,1778.28,5.75,nM,M4,Muscarinic M4
CHEMBL98484,COc1ccc2cc(CCNC(C)=O)n(C)c2c1,Ki,1819.7,5.74,nM,M4,Muscarinic M4
CHEMBL1091716,COc1ccc(OCc2ccccn2)c(CCCNC(C)=O)c1,Ki,1840.0,5.74,nM,M4,Muscarinic M4
CHEMBL5433304,COC(=O)NCCc1c(C(O)c2ccc(F)cc2)[nH]c2ccc(OC)cc12,Ki,1819.7,5.74,nM,M4,Muscarinic M4
CHEMBL300728,COc1ccc2c(c(CCNC(C)=O)c(I)n2C)c1[N+](=O)[O-],Ki,1880.0,5.73,nM,M4,Muscarinic M4
CHEMBL307341,CC(C)=CCC/C(C)=C/COc1ccc2ccc(=O)oc2c1,Ki,1900.0,5.72,nM,M4,Muscarinic M4
CHEMBL138355,CC(=O)NCC1COc2ccccc2O1,IC50,1995.26,5.7,nM,M4,Muscarinic M4
CHEMBL35017,CCCCCC(=O)NCCc1cccc2ccc(OC)cc12,IC50,1995.26,5.7,nM,M4,Muscarinic M4
CHEMBL141522,CCCCCCCC(=O)NCCc1c[nH]c2ccccc12,IC50,1995.26,5.7,nM,M4,Muscarinic M4
CHEMBL1092911,CCC(=O)NCCCc1ccc(OCc2ccccc2)c(OC)c1,Ki,2010.0,5.7,nM,M4,Muscarinic M4
CHEMBL9950,O=C(NCCc1c2n(c3ccccc13)CCc1ccccc1-2)C1CCC1,Ki,2040.0,5.69,nM,M4,Muscarinic M4
CHEMBL5423943,COC(=O)NCCc1c(C(O)c2ccc(OC)cc2F)[nH]c2ccc(OC)cc12,Ki,2041.74,5.69,nM,M4,Muscarinic M4
CHEMBL4759137,COc1ccc2cnnc(CCNC(C)=O)c2c1,Ki,2110.0,5.68,nM,M4,Muscarinic M4
CHEMBL218773,COc1cccc(C(CCNC(C)=O)c2ccccc2)c1,Ki,2187.76,5.66,nM,M4,Muscarinic M4
CHEMBL379504,CC(=O)NCC1(c2cn(C)c3ccc(O)cc23)CCC1,Ki,2188.0,5.66,nM,M4,Muscarinic M4
CHEMBL99083,CC(=O)NCCc1cc2ccccc2[nH]1,Ki,2454.71,5.61,nM,M4,Muscarinic M4
CHEMBL37341,COc1ccc2cccc(CCNC(=O)c3cc4ccccc4[nH]3)c2c1,IC50,2511.89,5.6,nM,M4,Muscarinic M4
CHEMBL5399158,O=C(NCCc1c(C(O)c2ccccc2)[nH]c2ccccc12)C(F)(F)F,Ki,2511.89,5.6,nM,M4,Muscarinic M4
CHEMBL344179,COc1cnc2c(c1)c(CCNC(=O)C1CC1)cn2C,IC50,2511.89,5.6,nM,M4,Muscarinic M4
CHEMBL457992,CNS(=O)(=O)c1ccc2cccc(CCNC(=O)c3ccco3)c2c1,IC50,2610.0,5.58,nM,M4,Muscarinic M4
CHEMBL243002,CC(=O)NCC1(c2cn3c4c(cccc24)CCC3)CCCCC1,Ki,2630.27,5.58,nM,M4,Muscarinic M4
CHEMBL493424,C=CCC(=O)NCCc1coc2ccc(NC(=O)OC)cc12,IC50,2690.0,5.57,nM,M4,Muscarinic M4
CHEMBL1092839,COc1ccc(COc2ccc(OC)cc2CCCNC(C)=O)cc1,Ki,2700.0,5.57,nM,M4,Muscarinic M4
CHEMBL5437235,CC(=O)NCCc1c(C(O)c2ccccc2)[nH]c2ccccc12,Ki,2754.23,5.56,nM,M4,Muscarinic M4
CHEMBL1223052,COc1cccc(S[C@H](C)CNC(C)=O)c1,Ki,2754.23,5.56,nM,M4,Muscarinic M4
CHEMBL1223126,COc1ccc(SCCNC(C)=O)cc1,Ki,2818.38,5.55,nM,M4,Muscarinic M4
CHEMBL1779808,O=C(CCCCl)NCCc1c(Sc2ccc(F)cc2)sc2ccc(F)cc12,Ki,2860.0,5.54,nM,M4,Muscarinic M4
CHEMBL99000,COc1ccc2[nH]c(CCCNC(C)=O)cc2c1,Ki,2951.21,5.53,nM,M4,Muscarinic M4
CHEMBL1091895,COc1ccc(OCCc2ccccc2)c(CCCNC(C)=O)c1,Ki,2930.0,5.53,nM,M4,Muscarinic M4
CHEMBL5555823,COc1cccc(COc2c(OC)ccc3c(=O)n(C)ccc23)c1,Ki,2980.0,5.53,nM,M4,Muscarinic M4
CHEMBL9935,CCOc1ccc2c(c1)c(CCNC(=O)C1CC1)c1n2CCCc2ccccc2-1,Ki,2950.0,5.53,nM,M4,Muscarinic M4
CHEMBL4780509,COc1ccc2cnnc(CCNC(=O)C3CC3)c2c1,Ki,3020.0,5.52,nM,M4,Muscarinic M4
CHEMBL4214348,CC(=O)NCCN(C)c1cccc(OCCCCN)c1,Ki,3090.3,5.51,nM,M4,Muscarinic M4
CHEMBL98520,COc1cccc2c1c(Br)c(CNC(C)=O)n2Cc1ccccc1,Ki,3162.28,5.5,nM,M4,Muscarinic M4
CHEMBL113692,COc1ccc2ncn(CCNC(C)=O)c2c1,IC50,3162.28,5.5,nM,M4,Muscarinic M4
CHEMBL139133,CC(=O)NCCOc1cccc2c1OCCO2,IC50,3162.28,5.5,nM,M4,Muscarinic M4
CHEMBL1223127,COc1ccccc1SCCNC(C)=O,Ki,3630.78,5.44,nM,M4,Muscarinic M4
CHEMBL218926,CC(=O)NC/C(=C/c1ccccc1)c1ccccc1,Ki,3630.78,5.44,nM,M4,Muscarinic M4
CHEMBL1223347,CC(=O)N[C@@H](C)CSc1ccccc1,Ki,3715.35,5.43,nM,M4,Muscarinic M4
CHEMBL1223125,CC(=O)NCCSc1ccccc1,Ki,3801.89,5.42,nM,M4,Muscarinic M4
CHEMBL316952,COc1cccc2cc(CCNC(C)=O)[nH]c12,Ki,3801.89,5.42,nM,M4,Muscarinic M4
CHEMBL490594,COc1ccc2cc(-c3cccc(C(=O)O)c3)cc(CCNC(C)=O)c2c1,Ki,3830.0,5.42,nM,M4,Muscarinic M4
CHEMBL494566,COC(=O)c1ccc2occ(CCNC(=O)C3CCCC3)c2c1,IC50,3880.0,5.41,nM,M4,Muscarinic M4
CHEMBL99512,COc1ccc2c(Br)c(CCNC(C)=O)[nH]c2c1,Ki,3981.07,5.4,nM,M4,Muscarinic M4
CHEMBL287310,O=C(NCCc1c[nH]c2ccccc12)C1CCC1,IC50,3981.07,5.4,nM,M4,Muscarinic M4
CHEMBL219177,CC(=O)NCCC(c1ccccc1)c1ccccc1,Ki,4168.69,5.38,nM,M4,Muscarinic M4
CHEMBL5397255,CC(=O)NCCc1c(C(O)c2ccc(Cl)cc2)[nH]c2ccccc12,Ki,4466.84,5.35,nM,M4,Muscarinic M4
CHEMBL1738752,CNS(=O)(=O)c1ccc2cccc(CCNC(C)=O)c2c1,IC50,5000.0,5.3,nM,M4,Muscarinic M4
CHEMBL156692,CC(C)=CCOc1ccc2ccc(=O)oc2c1,Ki,5200.0,5.28,nM,M4,Muscarinic M4
CHEMBL521826,COC(=O)Nc1ccc2occ(CCNC(=O)C(C)C)c2c1,IC50,5350.0,5.27,nM,M4,Muscarinic M4
CHEMBL493414,COC(=O)Nc1ccc2occ(CCNC(=O)C3CCCC3)c2c1,IC50,5320.0,5.27,nM,M4,Muscarinic M4
CHEMBL441916,CCCC(=O)NCCc1cn(C)c2c(-c3ccccc3)cc(OC)cc12,Ki,5370.32,5.27,nM,M4,Muscarinic M4
CHEMBL5426290,COc1ccc2[nH]c(C(O)c3ccc(F)cc3)c(CCNC(C)=O)c2c1,Ki,5370.32,5.27,nM,M4,Muscarinic M4
CHEMBL562328,COc1ccc2c(c1)c(CCNC(C)=O)c1n2CCCN(C)C1,Ki,5623.41,5.25,nM,M4,Muscarinic M4
CHEMBL233945,CCC(=O)NCCc1cn(C)c2c(-c3ccccc3)cc(OC)cc12,Ki,5888.44,5.23,nM,M4,Muscarinic M4
CHEMBL243003,CCCC(=O)NCC1(c2cn3c4c(cccc24)CCC3)CCCCC1,Ki,5888.44,5.23,nM,M4,Muscarinic M4
CHEMBL141694,CCCCC(=O)NCCc1c[nH]c2ccccc12,IC50,6309.57,5.2,nM,M4,Muscarinic M4
CHEMBL140835,O=C(NCCc1c[nH]c2ccccc12)C1CCCC1,IC50,6309.57,5.2,nM,M4,Muscarinic M4
CHEMBL225302,COc1ccc2[nH]cc(CCNC(=O)CCCCCC(=O)NCCc3c[nH]c4ccc(OC)cc34)c2c1,Ki,6470.0,5.19,nM,M4,Muscarinic M4
CHEMBL5399209,COc1ccc(C(O)c2[nH]c3ccc(OC)cc3c2CCNC(C)=O)c(F)c1,Ki,6760.83,5.17,nM,M4,Muscarinic M4
CHEMBL59,NCCc1ccc(O)c(O)c1,Ki,7100.0,5.15,nM,M4,Muscarinic M4
CHEMBL5422206,COc1ccc(C(O)c2[nH]c3ccc(OC)cc3c2CCNC(C)=O)cc1,Ki,7585.78,5.12,nM,M4,Muscarinic M4
CHEMBL139087,CCCNC(=O)NCCOc1cccc2c1OCCO2,IC50,7943.28,5.1,nM,M4,Muscarinic M4
CHEMBL495232,COC(=O)Nc1ccc2occ(CCNC(=O)C3CC3)c2c1,IC50,8180.0,5.09,nM,M4,Muscarinic M4
CHEMBL1760954,CNCc1cn(CCNC(C)=O)c2nc(OC)ccc12,Ki,8295.0,5.08,nM,M4,Muscarinic M4
CHEMBL99091,COc1ccc2cc(CCNC(C)=O)[nH]c2c1,Ki,8511.38,5.07,nM,M4,Muscarinic M4
CHEMBL53622,COc1ccc2c(c(CCNC(C)=O)cn2C)c1[N+](=O)[O-],Ki,8560.0,5.07,nM,M4,Muscarinic M4
CHEMBL1092647,COc1cc(CCCNC(C)=O)ccc1OCc1ccccc1,Ki,8980.0,5.05,nM,M4,Muscarinic M4
CHEMBL1760953,COc1ccc2c(CN3CCC(C(=O)c4ccc(F)cc4)CC3)cn(CCNC(C)=O)c2n1,Ki,9490.0,5.02,nM,M4,Muscarinic M4
CHEMBL138301,COc1ccc2c(c1)CC(NC(C)=O)CO2,IC50,10000.0,5.0,nM,M4,Muscarinic M4
CHEMBL137970,CC(=O)NCCn1ccc2cccnc21,IC50,10000.0,5.0,nM,M4,Muscarinic M4
CHEMBL138508,CC(=O)NCCC1CCc2ccc(NC(C)=O)cc21,IC50,10000.0,5.0,nM,M4,Muscarinic M4
CHEMBL138468,COc1nccc2c(CCNC(C)=O)coc12,IC50,10000.0,5.0,nM,M4,Muscarinic M4
CHEMBL343575,CNC(=O)CCc1cccc2c1S(=O)(=O)CCO2,IC50,10000.0,5.0,nM,M4,Muscarinic M4
CHEMBL139418,COc1ccc2c(c1)OC(CNC(C)=O)=C(c1ccccc1)O2,IC50,10000.0,5.0,nM,M4,Muscarinic M4
CHEMBL139091,CC(=O)NCc1cccc2c1OCCO2,IC50,10000.0,5.0,nM,M4,Muscarinic M4
CHEMBL140548,CC(=O)NC1COc2cc3c(cc2C1)OCCO3,IC50,10000.0,5.0,nM,M4,Muscarinic M4
CHEMBL1760949,COc1ccc2c(CN(C)Cc3ccccc3)cn(CCNC(C)=O)c2n1,Ki,10460.0,4.98,nM,M4,Muscarinic M4
CHEMBL1222984,COc1ccccc1OC(C)CNC(C)=O,Ki,10471.29,4.98,nM,M4,Muscarinic M4
CHEMBL1223056,CC(=O)NCCOc1ccccc1,Ki,11481.54,4.94,nM,M4,Muscarinic M4
CHEMBL1223280,COc1cccc(SC[C@@H](C)NC(C)=O)c1,Ki,11481.54,4.94,nM,M4,Muscarinic M4
CHEMBL1223279,COc1cccc(SCC(C)NC(C)=O)c1,Ki,12022.64,4.92,nM,M4,Muscarinic M4
CHEMBL1223273,CC(=O)NC(C)COc1ccccc1,Ki,12022.64,4.92,nM,M4,Muscarinic M4
CHEMBL138631,CC(=O)NCCc1c[nH]c2ncccc12,IC50,12589.25,4.9,nM,M4,Muscarinic M4
CHEMBL233311,COc1cc(-c2ccccc2)c2[nH]cc(CCNC(C)=O)c2c1,Ki,12882.5,4.89,nM,M4,Muscarinic M4
CHEMBL138180,COc1ccc2c(c1)C=C(CNC(C)=O)CO2,IC50,15848.93,4.8,nM,M4,Muscarinic M4
CHEMBL141430,CC(=O)NCCN1CCc2cccnc21,IC50,15848.93,4.8,nM,M4,Muscarinic M4
CHEMBL139016,COc1ccc2cccc(CC(=O)NCCCc3ccccc3)c2c1,IC50,15848.93,4.8,nM,M4,Muscarinic M4
CHEMBL319970,COc1ccc2[nH]c(CCNC(C)=O)cc2c1,Ki,16218.1,4.79,nM,M4,Muscarinic M4
CHEMBL364845,CC(=O)NCC(=O)N1c2ccccc2C=Cc2ccccc21,Ki,20417.38,4.69,nM,M4,Muscarinic M4
CHEMBL1223275,CC(=O)N[C@@H](C)COc1ccccc1,Ki,20892.96,4.68,nM,M4,Muscarinic M4
CHEMBL5428108,COC(=O)NCCc1c(C(O)c2ccccc2)[nH]c2ccccc12,Ki,22908.68,4.64,nM,M4,Muscarinic M4
CHEMBL5404161,COC(=O)NCCc1c(C(O)c2ccc(Cl)cc2)[nH]c2ccccc12,Ki,25118.86,4.6,nM,M4,Muscarinic M4
CHEMBL311498,Oc1cc(O)c2c(c1)O[C@H](c1ccc(O)c(O)c1)[C@@H](O)C2,IC50,25800.0,4.59,nM,M4,Muscarinic M4
CHEMBL344866,CC(=O)NCC1=C(c2ccccc2)Oc2ccccc2O1,IC50,31622.78,4.5,nM,M4,Muscarinic M4
CHEMBL1223345,CC(=O)NC(C)CSc1ccccc1,Ki,31622.78,4.5,nM,M4,Muscarinic M4
CHEMBL1223277,COc1cccc(OC[C@@H](C)NC(C)=O)c1,Ki,36307.81,4.44,nM,M4,Muscarinic M4
CHEMBL1223055,COc1ccccc1OCCNC(C)=O,Ki,37153.52,4.43,nM,M4,Muscarinic M4
CHEMBL5434417,CN1CC(=O)NC(CCc2c(C(O)c3ccccc3N)[nH]c3ccccc23)C1=O,Ki,41686.94,4.38,nM,M4,Muscarinic M4
CHEMBL1222983,COc1ccc(OC(C)CNC(C)=O)cc1,Ki,42657.95,4.37,nM,M4,Muscarinic M4
CHEMBL221960,COc1cc(/C=C/C(=O)O)ccc1OC/C=C(\C)CCC=C(C)C,Ki,59000.0,4.23,nM,M4,Muscarinic M4
CHEMBL1223054,COc1ccc(OCCNC(C)=O)cc1,Ki,61659.5,4.21,nM,M4,Muscarinic M4
CHEMBL1223274,CC(=O)N[C@H](C)COc1ccccc1,Ki,63095.73,4.2,nM,M4,Muscarinic M4
CHEMBL1223346,CC(=O)N[C@H](C)CSc1ccccc1,Ki,74131.02,4.13,nM,M4,Muscarinic M4
CHEMBL343381,O=C1CC(c2cccc3ccccc23)CN1,IC50,100000.0,4.0,nM,M4,Muscarinic M4
CHEMBL288300,CCCCCCC(=O)NCCc1cccc2ccc(OC)cc12,IC50,100000.0,4.0,nM,M4,Muscarinic M4
