chain_id,resseq,resname,plddt
A,1,MET,11.15
A,2,THR,15.11
A,3,LEU,16.99
A,4,HIS,21.25
A,5,ASN,19.78
A,6,ASN,20.42
A,7,SER,20.83
A,8,THR,21.23
A,9,THR,20.8
A,10,SER,20.12
A,11,PRO,21.56
A,12,LEU,17.34
A,13,PHE,18.55
A,14,PRO,20.15
A,15,ASN,20.05
A,16,ILE,20.22
A,17,SER,20.82
A,18,SER,20.26
A,19,SER,18.51
A,20,TRP,19.09
A,21,ILE,21.09
A,22,HIS,21.11
A,23,SER,22.73
A,24,PRO,22.61
A,25,SER,21.88
A,26,ASP,21.51
A,27,ALA,20.72
A,28,GLY,19.86
A,29,LEU,20.96
A,30,PRO,21.73
A,31,PRO,22.29
A,32,GLY,24.71
A,33,THR,25.23
A,34,VAL,26.83
A,35,THR,28.84
A,36,HIS,29.08
A,37,PHE,31.72
A,38,GLY,35.03
A,39,SER,30.24
A,40,TYR,29.83
A,41,ASN,29.2
A,42,VAL,28.63
A,43,SER,29.85
A,44,ARG,25.72
A,45,ALA,27.63
A,46,ALA,29.13
A,47,GLY,29.41
A,48,ASN,28.14
A,49,PHE,29.51
A,50,SER,35.16
A,51,SER,33.72
A,52,PRO,37.36
A,53,ASP,41.48
A,54,GLY,46.37
A,55,THR,52.37
A,56,THR,64.65
A,57,ASP,70.79
A,58,ASP,78.23
A,59,PRO,75.63
A,60,LEU,77.98
A,61,GLY,75.36
A,62,GLY,81.41
A,63,HIS,83.55
A,64,THR,89.6
A,65,VAL,92.05
A,66,TRP,94.05
A,67,GLN,90.33
A,68,VAL,90.92
A,69,VAL,93.67
A,70,PHE,93.84
A,71,ILE,91.63
A,72,ALA,92.43
A,73,PHE,94.84
A,74,LEU,94.6
A,75,THR,94.76
A,76,GLY,95.19
A,77,ILE,96.54
A,78,LEU,95.82
A,79,ALA,96.12
A,80,LEU,96.67
A,81,VAL,96.99
A,82,THR,97.03
A,83,ILE,97.31
A,84,ILE,96.78
A,85,GLY,96.24
A,86,ASN,96.5
A,87,ILE,96.91
A,88,LEU,96.18
A,89,VAL,95.9
A,90,ILE,96.53
A,91,VAL,96.26
A,92,SER,95.34
A,93,PHE,93.97
A,94,LYS,94.82
A,95,VAL,93.66
A,96,ASN,93.59
A,97,LYS,94.4
A,98,GLN,93.49
A,99,LEU,93.13
A,100,LYS,94.06
A,101,THR,91.89
A,102,VAL,91.89
A,103,ASN,90.15
A,104,ASN,91.81
A,105,TYR,94.94
A,106,PHE,93.63
A,107,LEU,93.45
A,108,LEU,95.69
A,109,SER,96.39
A,110,LEU,95.31
A,111,ALA,96.07
A,112,CYS,97.44
A,113,ALA,96.55
A,114,ASP,96.69
A,115,LEU,97.29
A,116,ILE,97.47
A,117,ILE,96.56
A,118,GLY,96.22
A,119,VAL,97.2
A,120,ILE,96.85
A,121,SER,95.67
A,122,MET,94.87
A,123,ASN,95.23
A,124,LEU,95.52
A,125,PHE,93.48
A,126,THR,93.62
A,127,THR,93.21
A,128,TYR,92.41
A,129,ILE,91.11
A,130,ILE,90.87
A,131,MET,90.06
A,132,ASN,89.85
A,133,ARG,91.29
A,134,TRP,93.55
A,135,ALA,92.84
A,136,LEU,93.9
A,137,GLY,93.75
A,138,ASN,94.75
A,139,LEU,95.44
A,140,ALA,96.26
A,141,CYS,95.22
A,142,ASP,95.62
A,143,LEU,96.61
A,144,TRP,96.82
A,145,LEU,95.72
A,146,ALA,96.57
A,147,ILE,97.19
A,148,ASP,96.13
A,149,CYS,95.71
A,150,VAL,97.09
A,151,ALA,96.72
A,152,SER,95.42
A,153,ASN,95.8
A,154,ALA,95.91
A,155,SER,94.62
A,156,VAL,94.94
A,157,MET,95.26
A,158,ASN,94.42
A,159,LEU,93.6
A,160,LEU,94.7
A,161,VAL,94.6
A,162,ILE,92.29
A,163,SER,92.92
A,164,PHE,93.87
A,165,ASP,91.93
A,166,ARG,91.05
A,167,CYS,91.26
A,168,PHE,92.11
A,169,SER,90.11
A,170,ILE,89.07
A,171,THR,89.46
A,172,ARG,90.33
A,173,PRO,86.21
A,174,LEU,87.26
A,175,THR,90.33
A,176,TYR,88.9
A,177,ARG,86.02
A,178,ALA,87.42
A,179,LYS,90.68
A,180,ARG,91.09
A,181,THR,93.62
A,182,THR,93.96
A,183,LYS,94.87
A,184,ARG,95.11
A,185,ALA,94.78
A,186,GLY,96.32
A,187,VAL,97.12
A,188,MET,96.16
A,189,ILE,96.76
A,190,GLY,97.42
A,191,LEU,97.09
A,192,ALA,96.22
A,193,TRP,97.79
A,194,VAL,98.0
A,195,ILE,97.35
A,196,SER,96.84
A,197,PHE,97.54
A,198,VAL,97.4
A,199,LEU,95.57
A,200,TRP,95.95
A,201,ALA,96.06
A,202,PRO,96.3
A,203,ALA,94.48
A,204,ILE,94.97
A,205,LEU,95.07
A,206,PHE,95.03
A,207,TRP,93.79
A,208,GLN,92.99
A,209,TYR,94.3
A,210,PHE,92.43
A,211,VAL,91.63
A,212,GLY,93.22
A,213,LYS,92.92
A,214,ARG,92.56
A,215,THR,92.31
A,216,VAL,93.0
A,217,PRO,93.79
A,218,PRO,93.59
A,219,GLY,91.95
A,220,GLU,92.35
A,221,CYS,92.64
A,222,PHE,91.91
A,223,ILE,91.98
A,224,GLN,90.31
A,225,PHE,87.79
A,226,LEU,85.69
A,227,SER,83.41
A,228,GLU,83.53
A,229,PRO,85.13
A,230,THR,88.06
A,231,ILE,89.21
A,232,THR,88.81
A,233,PHE,90.37
A,234,GLY,92.7
A,235,THR,93.15
A,236,ALA,92.24
A,237,ILE,94.91
A,238,ALA,94.93
A,239,GLY,93.39
A,240,PHE,93.97
A,241,TYR,96.26
A,242,MET,96.55
A,243,PRO,95.77
A,244,VAL,95.75
A,245,THR,96.83
A,246,ILE,96.55
A,247,MET,94.35
A,248,THR,94.65
A,249,ILE,95.31
A,250,LEU,93.84
A,251,TYR,92.54
A,252,TRP,93.06
A,253,ARG,93.27
A,254,ILE,90.46
A,255,TYR,89.68
A,256,LYS,91.57
A,257,GLU,90.63
A,258,THR,88.8
A,259,GLU,89.33
A,260,LYS,91.17
A,261,ARG,89.07
A,262,THR,87.88
A,263,LYS,89.14
A,264,GLU,86.04
A,265,LEU,80.72
A,266,ALA,82.19
A,267,GLY,82.99
A,268,LEU,78.69
A,269,GLN,73.6
A,270,ALA,81.72
A,271,SER,77.87
A,272,GLY,71.56
A,273,THR,73.59
A,274,GLU,70.12
A,275,ALA,65.64
A,276,GLU,61.1
A,277,THR,63.32
A,278,GLU,57.55
A,279,ASN,52.44
A,280,PHE,46.68
A,281,VAL,53.81
A,282,HIS,45.18
A,283,PRO,41.72
A,284,THR,46.73
A,285,GLY,44.22
A,286,SER,42.11
A,287,SER,34.66
A,288,ARG,31.5
A,289,SER,35.26
A,290,CYS,29.04
A,291,SER,32.56
A,292,SER,31.63
A,293,TYR,24.95
A,294,GLU,30.94
A,295,LEU,28.13
A,296,GLN,31.95
A,297,GLN,32.61
A,298,GLN,36.36
A,299,SER,36.31
A,300,MET,33.1
A,301,LYS,35.59
A,302,ARG,34.66
A,303,SER,38.51
A,304,ASN,35.38
A,305,ARG,29.55
A,306,ARG,29.0
A,307,LYS,30.85
A,308,TYR,27.52
A,309,GLY,30.2
A,310,ARG,25.8
A,311,CYS,30.0
A,312,HIS,26.2
A,313,PHE,28.92
A,314,TRP,28.5
A,315,PHE,29.23
A,316,THR,26.92
A,317,THR,26.09
A,318,LYS,27.35
A,319,SER,24.22
A,320,TRP,23.2
A,321,LYS,28.43
A,322,PRO,24.88
A,323,SER,27.55
A,324,SER,25.37
A,325,GLU,22.68
A,326,GLN,20.01
A,327,MET,20.82
A,328,ASP,21.65
A,329,GLN,20.28
A,330,ASP,20.52
A,331,HIS,20.49
A,332,SER,21.36
A,333,SER,20.88
A,334,SER,22.13
A,335,ASP,19.86
A,336,SER,19.65
A,337,TRP,20.51
A,338,ASN,19.72
A,339,ASN,19.96
A,340,ASN,20.77
A,341,ASP,20.92
A,342,ALA,21.98
A,343,ALA,23.4
A,344,ALA,22.97
A,345,SER,24.71
A,346,LEU,23.24
A,347,GLU,28.33
A,348,ASN,28.02
A,349,SER,29.76
A,350,ALA,30.05
A,351,SER,34.12
A,352,SER,32.94
A,353,ASP,33.2
A,354,GLU,34.6
A,355,GLU,32.55
A,356,ASP,31.58
A,357,ILE,34.16
A,358,GLY,35.75
A,359,SER,38.11
A,360,GLU,37.86
A,361,THR,34.33
A,362,ARG,35.01
A,363,ALA,41.96
A,364,ILE,37.29
A,365,TYR,28.75
A,366,SER,40.66
A,367,ILE,38.16
A,368,VAL,34.18
A,369,LEU,33.56
A,370,LYS,37.8
A,371,LEU,35.06
A,372,PRO,39.0
A,373,GLY,34.44
A,374,HIS,30.35
A,375,SER,32.05
A,376,THR,27.4
A,377,ILE,24.43
A,378,LEU,23.48
A,379,ASN,24.4
A,380,SER,26.33
A,381,THR,25.01
A,382,LYS,22.77
A,383,LEU,22.16
A,384,PRO,25.03
A,385,SER,22.78
A,386,SER,22.92
A,387,ASP,21.6
A,388,ASN,21.05
A,389,LEU,20.97
A,390,GLN,23.58
A,391,VAL,20.32
A,392,PRO,21.45
A,393,GLU,20.39
A,394,GLU,19.38
A,395,GLU,20.18
A,396,LEU,19.1
A,397,GLY,21.78
A,398,MET,19.24
A,399,VAL,20.18
A,400,ASP,19.33
A,401,LEU,18.72
A,402,GLU,22.05
A,403,ARG,18.48
A,404,LYS,19.78
A,405,ALA,22.61
A,406,ASP,22.21
A,407,LYS,18.28
A,408,LEU,18.59
A,409,GLN,19.11
A,410,ALA,20.92
A,411,GLN,20.26
A,412,LYS,18.85
A,413,SER,24.08
A,414,VAL,22.31
A,415,ASP,23.75
A,416,ASP,24.81
A,417,GLY,25.29
A,418,GLY,24.1
A,419,SER,21.55
A,420,PHE,20.3
A,421,PRO,24.4
A,422,LYS,21.53
A,423,SER,22.42
A,424,PHE,21.71
A,425,SER,28.25
A,426,LYS,21.57
A,427,LEU,21.58
A,428,PRO,27.37
A,429,ILE,22.36
A,430,GLN,23.03
A,431,LEU,24.36
A,432,GLU,25.68
A,433,SER,26.58
A,434,ALA,27.04
A,435,VAL,25.88
A,436,ASP,32.81
A,437,THR,32.24
A,438,ALA,29.3
A,439,LYS,30.97
A,440,THR,32.2
A,441,SER,36.82
A,442,ASP,38.68
A,443,VAL,36.84
A,444,ASN,37.46
A,445,SER,39.02
A,446,SER,40.83
A,447,VAL,38.69
A,448,GLY,41.11
A,449,LYS,38.37
A,450,SER,42.69
A,451,THR,44.91
A,452,ALA,50.37
A,453,THR,54.92
A,454,LEU,57.62
A,455,PRO,67.66
A,456,LEU,66.14
A,457,SER,80.98
A,458,PHE,82.88
A,459,LYS,83.05
A,460,GLU,83.04
A,461,ALA,82.47
A,462,THR,82.03
A,463,LEU,80.04
A,464,ALA,80.22
A,465,LYS,78.25
A,466,ARG,82.84
A,467,PHE,79.34
A,468,ALA,81.36
A,469,LEU,81.57
A,470,LYS,81.39
A,471,THR,80.52
A,472,ARG,84.15
A,473,SER,83.68
A,474,GLN,83.17
A,475,ILE,81.75
A,476,THR,85.62
A,477,LYS,83.99
A,478,ARG,85.83
A,479,LYS,83.34
A,480,ARG,86.22
A,481,MET,78.71
A,482,SER,83.92
A,483,LEU,83.99
A,484,VAL,86.78
A,485,LYS,83.82
A,486,GLU,82.03
A,487,LYS,86.23
A,488,LYS,84.69
A,489,ALA,82.17
A,490,ALA,83.08
A,491,GLN,87.16
A,492,THR,86.51
A,493,LEU,83.52
A,494,SER,89.18
A,495,ALA,91.25
A,496,ILE,90.86
A,497,LEU,91.89
A,498,LEU,94.34
A,499,ALA,94.55
A,500,PHE,94.18
A,501,ILE,94.9
A,502,ILE,96.29
A,503,THR,96.45
A,504,TRP,95.99
A,505,THR,96.18
A,506,PRO,96.22
A,507,TYR,94.38
A,508,ASN,93.95
A,509,ILE,94.52
A,510,MET,91.66
A,511,VAL,90.18
A,512,LEU,90.94
A,513,VAL,92.11
A,514,ASN,88.71
A,515,THR,88.28
A,516,PHE,89.34
A,517,CYS,87.2
A,518,ASP,86.16
A,519,SER,89.34
A,520,CYS,90.25
A,521,ILE,91.71
A,522,PRO,92.09
A,523,LYS,89.27
A,524,THR,90.19
A,525,PHE,93.51
A,526,TRP,91.04
A,527,ASN,91.19
A,528,LEU,93.2
A,529,GLY,93.92
A,530,TYR,93.26
A,531,TRP,94.47
A,532,LEU,95.37
A,533,CYS,94.17
A,534,TYR,94.96
A,535,ILE,95.89
A,536,ASN,94.73
A,537,SER,95.0
A,538,THR,96.41
A,539,VAL,96.06
A,540,ASN,94.22
A,541,PRO,94.63
A,542,VAL,95.47
A,543,CYS,92.91
A,544,TYR,91.39
A,545,ALA,91.79
A,546,LEU,91.38
A,547,CYS,87.24
A,548,ASN,88.48
A,549,LYS,91.95
A,550,THR,92.15
A,551,PHE,93.08
A,552,ARG,93.8
A,553,THR,92.84
A,554,THR,93.66
A,555,PHE,93.42
A,556,LYS,92.83
A,557,MET,89.64
A,558,LEU,90.86
A,559,LEU,89.22
A,560,LEU,88.55
A,561,CYS,72.49
A,562,GLN,66.06
A,563,CYS,65.0
A,564,ASP,70.13
A,565,LYS,68.98
A,566,LYS,69.27
A,567,LYS,72.46
A,568,ARG,76.93
A,569,ARG,74.94
A,570,LYS,74.73
A,571,GLN,77.23
A,572,GLN,72.55
A,573,TYR,73.98
A,574,GLN,78.87
A,575,GLN,76.43
A,576,ARG,79.54
A,577,GLN,80.96
A,578,SER,83.57
A,579,VAL,84.25
A,580,ILE,82.7
A,581,PHE,79.89
A,582,HIS,80.92
A,583,LYS,77.54
A,584,ARG,73.73
A,585,ALA,74.68
A,586,PRO,65.38
A,587,GLU,57.97
A,588,GLN,57.73
A,589,ALA,56.71
A,590,LEU,46.99
